n,mode,variant,block_size,tile_size,run,time_us
16384,5,cblas_rm,0,0,0,21259.65
16384,5,cblas_rm,0,0,1,21311.97
16384,5,cblas_rm,0,0,2,21135.68
16384,5,cblas_rm,0,0,3,21131.87
16384,5,cblas_rm,0,0,4,21384.25
16384,5,cblas_rm,0,0,5,20998.98
16384,5,cblas_rm,0,0,6,21332.92
16384,5,cblas_rm,0,0,7,21263.61
16384,5,cblas_rm,0,0,8,21090.72
16384,5,cblas_rm,0,0,9,21383.35
16384,5,cblas_rm,0,0,10,21402.36
16384,5,cblas_rm,0,0,11,21345.12
16384,5,cblas_rm,0,0,12,21508.12
16384,5,cblas_rm,0,0,13,21223.04
16384,5,cblas_rm,0,0,14,21370.43
16384,5,cblas_rm,0,0,15,21606.00
16384,5,cblas_rm,0,0,16,21432.38
16384,5,cblas_rm,0,0,17,20938.44
16384,5,cblas_rm,0,0,18,21517.62
16384,5,cblas_rm,0,0,19,21484.28
16384,5,cblas_rm,0,0,20,21291.81
16384,5,cblas_rm,0,0,21,21458.52
16384,5,cblas_rm,0,0,22,21269.79
16384,5,cblas_rm,0,0,23,21275.55
16384,5,cblas_rm,0,0,24,21314.53
16384,5,cblas_rm,0,0,25,21539.32
16384,5,cblas_rm,0,0,26,21199.68
16384,5,cblas_rm,0,0,27,21640.47
16384,5,cblas_rm,0,0,28,21922.09
16384,5,cblas_rm,0,0,29,21713.24
16384,5,cblas_rm,0,0,30,21578.33
16384,5,cblas_rm,0,0,31,21932.11
16384,5,cblas_rm,0,0,32,21596.37
16384,5,cblas_rm,0,0,33,21830.38
16384,5,cblas_rm,0,0,34,22624.06
16384,5,cblas_rm,0,0,35,22513.66
16384,5,cblas_rm,0,0,36,21979.21
16384,5,cblas_rm,0,0,37,22428.77
16384,5,cblas_rm,0,0,38,22014.15
16384,5,cblas_rm,0,0,39,22235.59
16384,5,cblas_rm,0,0,40,22566.14
16384,5,cblas_rm,0,0,41,22669.59
16384,5,cblas_rm,0,0,42,22319.65
16384,5,cblas_rm,0,0,43,22631.93
16384,5,cblas_rm,0,0,44,22660.73
16384,5,cblas_cm,0,0,0,73383.96
16384,5,cblas_cm,0,0,1,75927.92
16384,5,cblas_cm,0,0,2,73981.16
16384,5,cblas_cm,0,0,3,74733.62
16384,5,cblas_cm,0,0,4,74465.40
16384,5,cblas_cm,0,0,5,73855.24
16384,5,cblas_cm,0,0,6,72954.63
16384,5,cblas_cm,0,0,7,73167.58
16384,5,cblas_cm,0,0,8,73215.32
16384,5,cblas_cm,0,0,9,72997.57
16384,5,cblas_cm,0,0,10,73704.14
16384,5,cblas_cm,0,0,11,73296.44
16384,5,cblas_cm,0,0,12,74136.48
16384,5,cblas_cm,0,0,13,72885.35
16384,5,cblas_cm,0,0,14,71171.44
16384,5,cblas_cm,0,0,15,72621.71
16384,5,cblas_cm,0,0,16,70978.30
16384,5,cblas_cm,0,0,17,70516.36
16384,5,cblas_cm,0,0,18,71107.99
16384,5,cblas_cm,0,0,19,70860.54
16384,5,cblas_cm,0,0,20,70274.15
16384,5,cblas_cm,0,0,21,69914.23
16384,5,cblas_cm,0,0,22,69160.33
16384,5,cblas_cm,0,0,23,71284.21
16384,5,cblas_cm,0,0,24,72637.93
16384,5,cblas_cm,0,0,25,71257.52
16384,5,cblas_cm,0,0,26,69904.21
16384,5,cblas_cm,0,0,27,71772.13
16384,5,cblas_cm,0,0,28,72221.49
16384,5,cblas_cm,0,0,29,73901.38
16384,5,cblas_cm,0,0,30,70979.38
16384,5,cblas_cm,0,0,31,69843.29
16384,5,cblas_cm,0,0,32,68143.20
16384,5,cblas_cm,0,0,33,69318.53
16384,5,cblas_cm,0,0,34,68147.01
16384,5,cblas_cm,0,0,35,71070.90
16384,5,cblas_cm,0,0,36,68795.41
16384,5,cblas_cm,0,0,37,69404.32
16384,5,cblas_cm,0,0,38,68882.77
16384,5,cblas_cm,0,0,39,71665.89
16384,5,cblas_cm,0,0,40,67997.61
16384,5,cblas_cm,0,0,41,68980.82
16384,5,cblas_cm,0,0,42,67123.65
16384,5,cblas_cm,0,0,43,67338.33
16384,5,cblas_cm,0,0,44,66481.33
16384,1,A_row,0,0,0,89949.07
16384,1,A_row,0,0,1,91452.13
16384,1,A_row,0,0,2,91892.37
16384,1,A_row,0,0,3,92601.50
16384,1,A_row,0,0,4,92055.24
16384,1,A_row,0,0,5,91763.51
16384,1,A_row,0,0,6,90639.89
16384,1,A_row,0,0,7,90726.74
16384,1,A_row,0,0,8,91757.68
16384,1,A_row,0,0,9,90989.55
16384,1,A_row,0,0,10,91558.46
16384,1,A_row,0,0,11,91511.52
16384,1,A_row,0,0,12,94469.77
16384,1,A_row,0,0,13,91257.99
16384,1,A_row,0,0,14,91180.42
16384,1,A_row,0,0,15,91075.43
16384,1,A_row,0,0,16,92030.45
16384,1,A_row,0,0,17,90516.38
16384,1,A_row,0,0,18,91782.58
16384,1,A_row,0,0,19,91318.43
16384,1,A_row,0,0,20,91886.93
16384,1,A_row,0,0,21,91174.38
16384,1,A_row,0,0,22,91248.55
16384,1,A_row,0,0,23,94420.52
16384,1,A_row,0,0,24,91316.87
16384,1,A_row,0,0,25,92135.91
16384,1,A_row,0,0,26,91504.86
16384,1,A_row,0,0,27,94716.09
16384,1,A_row,0,0,28,94957.59
16384,1,A_row,0,0,29,90359.33
16384,1,A_row,0,0,30,90511.38
16384,1,A_row,0,0,31,92342.69
16384,1,A_row,0,0,32,91918.51
16384,1,A_row,0,0,33,90845.10
16384,1,A_row,0,0,34,91238.88
16384,1,A_row,0,0,35,90273.95
16384,1,A_row,0,0,36,90447.84
16384,1,A_row,0,0,37,90795.76
16384,1,A_row,0,0,38,90374.24
16384,1,A_row,0,0,39,90878.96
16384,1,A_row,0,0,40,91873.43
16384,1,A_row,0,0,41,91772.63
16384,1,A_row,0,0,42,93112.21
16384,1,A_row,0,0,43,92686.59
16384,1,A_row,0,0,44,91811.35
16384,1,A_col,0,0,0,84764.64
16384,1,A_col,0,0,1,84762.43
16384,1,A_col,0,0,2,85697.22
16384,1,A_col,0,0,3,86674.51
16384,1,A_col,0,0,4,85223.00
16384,1,A_col,0,0,5,137788.20
16384,1,A_col,0,0,6,83627.88
16384,1,A_col,0,0,7,85022.43
16384,1,A_col,0,0,8,85604.04
16384,1,A_col,0,0,9,85678.02
16384,1,A_col,0,0,10,86481.17
16384,1,A_col,0,0,11,86763.66
16384,1,A_col,0,0,12,85688.39
16384,1,A_col,0,0,13,85736.04
16384,1,A_col,0,0,14,85114.55
16384,1,A_col,0,0,15,84722.53
16384,1,A_col,0,0,16,85283.19
16384,1,A_col,0,0,17,86591.37
16384,1,A_col,0,0,18,89493.66
16384,1,A_col,0,0,19,85158.13
16384,1,A_col,0,0,20,86393.71
16384,1,A_col,0,0,21,86324.37
16384,1,A_col,0,0,22,89432.25
16384,1,A_col,0,0,23,89126.31
16384,1,A_col,0,0,24,87594.67
16384,1,A_col,0,0,25,88044.29
16384,1,A_col,0,0,26,88998.44
16384,1,A_col,0,0,27,117597.98
16384,1,A_col,0,0,28,88893.77
16384,1,A_col,0,0,29,89128.64
16384,1,A_col,0,0,30,87082.69
16384,1,A_col,0,0,31,87534.74
16384,1,A_col,0,0,32,88306.46
16384,1,A_col,0,0,33,88221.21
16384,1,A_col,0,0,34,87493.97
16384,1,A_col,0,0,35,88320.44
16384,1,A_col,0,0,36,87963.33
16384,1,A_col,0,0,37,88082.66
16384,1,A_col,0,0,38,87666.57
16384,1,A_col,0,0,39,87656.56
16384,1,A_col,0,0,40,89590.68
16384,1,A_col,0,0,41,88585.91
16384,1,A_col,0,0,42,86978.91
16384,1,A_col,0,0,43,88398.29
16384,1,A_col,0,0,44,87957.06
16384,2,ij_ji,0,0,0,74645.55
16384,2,ij_ji,0,0,1,75962.88
16384,2,ij_ji,0,0,2,76514.36
16384,2,ij_ji,0,0,3,79804.69
16384,2,ij_ji,0,0,4,74710.47
16384,2,ij_ji,0,0,5,74664.08
16384,2,ij_ji,0,0,6,74811.30
16384,2,ij_ji,0,0,7,73953.76
16384,2,ij_ji,0,0,8,74284.92
16384,2,ij_ji,0,0,9,73043.71
16384,2,ij_ji,0,0,10,73655.37
16384,2,ij_ji,0,0,11,73039.74
16384,2,ij_ji,0,0,12,74058.08
16384,2,ij_ji,0,0,13,74254.36
16384,2,ij_ji,0,0,14,75502.04
16384,2,ij_ji,0,0,15,75648.91
16384,2,ij_ji,0,0,16,74409.36
16384,2,ij_ji,0,0,17,80747.03
16384,2,ij_ji,0,0,18,75350.36
16384,2,ij_ji,0,0,19,76701.23
16384,2,ij_ji,0,0,20,75736.88
16384,2,ij_ji,0,0,21,75320.63
16384,2,ij_ji,0,0,22,75622.77
16384,2,ij_ji,0,0,23,77054.15
16384,2,ij_ji,0,0,24,75396.37
16384,2,ij_ji,0,0,25,74846.70
16384,2,ij_ji,0,0,26,74960.64
16384,2,ij_ji,0,0,27,75521.14
16384,2,ij_ji,0,0,28,76848.17
16384,2,ij_ji,0,0,29,75152.70
16384,2,ij_ji,0,0,30,76677.26
16384,2,ij_ji,0,0,31,75585.84
16384,2,ij_ji,0,0,32,75642.99
16384,2,ij_ji,0,0,33,74662.83
16384,2,ij_ji,0,0,34,76966.79
16384,2,ij_ji,0,0,35,75366.14
16384,2,ij_ji,0,0,36,75800.43
16384,2,ij_ji,0,0,37,75521.97
16384,2,ij_ji,0,0,38,74135.04
16384,2,ij_ji,0,0,39,74673.20
16384,2,ij_ji,0,0,40,75066.91
16384,2,ij_ji,0,0,41,75651.95
16384,2,ij_ji,0,0,42,76633.20
16384,2,ij_ji,0,0,43,75177.15
16384,2,ij_ji,0,0,44,74363.41
16384,2,ji_ji,0,0,0,1022359.66
16384,2,ji_ji,0,0,1,1018336.09
16384,2,ji_ji,0,0,2,1014946.88
16384,2,ji_ji,0,0,3,1017775.47
16384,2,ji_ji,0,0,4,1065242.24
16384,2,ji_ji,0,0,5,1020283.62
16384,2,ji_ji,0,0,6,1013274.58
16384,2,ji_ji,0,0,7,1009008.56
16384,2,ji_ji,0,0,8,1037352.88
16384,2,ji_ji,0,0,9,1001304.92
16384,2,ji_ji,0,0,10,1012813.70
16384,2,ji_ji,0,0,11,1067777.68
16384,2,ji_ji,0,0,12,1009880.18
16384,2,ji_ji,0,0,13,1009752.60
16384,2,ji_ji,0,0,14,1067595.96
16384,2,ji_ji,0,0,15,1001605.87
16384,2,ji_ji,0,0,16,1000026.84
16384,2,ji_ji,0,0,17,1006979.12
16384,2,ji_ji,0,0,18,1008648.25
16384,2,ji_ji,0,0,19,1006873.68
16384,2,ji_ji,0,0,20,1023806.85
16384,2,ji_ji,0,0,21,1005833.04
16384,2,ji_ji,0,0,22,1096274.25
16384,2,ji_ji,0,0,23,1041959.18
16384,2,ji_ji,0,0,24,1059837.11
16384,2,ji_ji,0,0,25,1010740.45
16384,2,ji_ji,0,0,26,1006496.92
16384,2,ji_ji,0,0,27,1024376.91
16384,2,ji_ji,0,0,28,1014142.68
16384,2,ji_ji,0,0,29,1003993.38
16384,2,ji_ji,0,0,30,1021150.54
16384,2,ji_ji,0,0,31,1013550.16
16384,2,ji_ji,0,0,32,1011619.97
16384,2,ji_ji,0,0,33,995991.44
16384,2,ji_ji,0,0,34,1127271.55
16384,2,ji_ji,0,0,35,1006538.65
16384,2,ji_ji,0,0,36,1008953.78
16384,2,ji_ji,0,0,37,1009464.96
16384,2,ji_ji,0,0,38,1015156.99
16384,2,ji_ji,0,0,39,999621.70
16384,2,ji_ji,0,0,40,1001010.81
16384,2,ji_ji,0,0,41,1006471.67
16384,2,ji_ji,0,0,42,994858.95
16384,2,ji_ji,0,0,43,997153.76
16384,2,ji_ji,0,0,44,1063137.05
16384,2,ij_ij,0,0,0,950114.93
16384,2,ij_ij,0,0,1,950066.61
16384,2,ij_ij,0,0,2,945331.77
16384,2,ij_ij,0,0,3,987410.91
16384,2,ij_ij,0,0,4,998624.60
16384,2,ij_ij,0,0,5,943505.23
16384,2,ij_ij,0,0,6,941001.94
16384,2,ij_ij,0,0,7,965475.57
16384,2,ij_ij,0,0,8,944669.83
16384,2,ij_ij,0,0,9,984533.58
16384,2,ij_ij,0,0,10,934627.72
16384,2,ij_ij,0,0,11,945050.88
16384,2,ij_ij,0,0,12,943031.29
16384,2,ij_ij,0,0,13,945923.27
16384,2,ij_ij,0,0,14,1007077.00
16384,2,ij_ij,0,0,15,944443.51
16384,2,ij_ij,0,0,16,968163.30
16384,2,ij_ij,0,0,17,944023.29
16384,2,ij_ij,0,0,18,944301.27
16384,2,ij_ij,0,0,19,943651.40
16384,2,ij_ij,0,0,20,935215.52
16384,2,ij_ij,0,0,21,943741.25
16384,2,ij_ij,0,0,22,1018124.39
16384,2,ij_ij,0,0,23,940542.79
16384,2,ij_ij,0,0,24,944872.26
16384,2,ij_ij,0,0,25,956176.00
16384,2,ij_ij,0,0,26,953688.39
16384,2,ij_ij,0,0,27,950338.41
16384,2,ij_ij,0,0,28,946438.26
16384,2,ij_ij,0,0,29,958268.32
16384,2,ij_ij,0,0,30,950271.88
16384,2,ij_ij,0,0,31,942213.49
16384,2,ij_ij,0,0,32,948648.86
16384,2,ij_ij,0,0,33,941382.73
16384,2,ij_ij,0,0,34,1021546.38
16384,2,ij_ij,0,0,35,1038899.70
16384,2,ij_ij,0,0,36,941535.05
16384,2,ij_ij,0,0,37,944358.29
16384,2,ij_ij,0,0,38,946502.58
16384,2,ij_ij,0,0,39,941417.16
16384,2,ij_ij,0,0,40,944758.44
16384,2,ij_ij,0,0,41,956334.43
16384,2,ij_ij,0,0,42,953961.82
16384,2,ij_ij,0,0,43,937018.57
16384,2,ij_ij,0,0,44,947728.50
16384,2,ji_ij,0,0,0,1915888.51
16384,2,ji_ij,0,0,1,1850643.92
16384,2,ji_ij,0,0,2,1901653.57
16384,2,ji_ij,0,0,3,1842077.13
16384,2,ji_ij,0,0,4,1855420.90
16384,2,ji_ij,0,0,5,1885553.46
16384,2,ji_ij,0,0,6,1885053.92
16384,2,ji_ij,0,0,7,1897301.95
16384,2,ji_ij,0,0,8,1880498.38
16384,2,ji_ij,0,0,9,1928265.24
16384,2,ji_ij,0,0,10,1864293.89
16384,2,ji_ij,0,0,11,1939189.49
16384,2,ji_ij,0,0,12,1861459.22
16384,2,ji_ij,0,0,13,1871254.90
16384,2,ji_ij,0,0,14,1865345.25
16384,2,ji_ij,0,0,15,1944285.05
16384,2,ji_ij,0,0,16,1912519.07
16384,2,ji_ij,0,0,17,1860297.18
16384,2,ji_ij,0,0,18,1872388.15
16384,2,ji_ij,0,0,19,1870488.11
16384,2,ji_ij,0,0,20,1857857.47
16384,2,ji_ij,0,0,21,1903116.37
16384,2,ji_ij,0,0,22,1942542.55
16384,2,ji_ij,0,0,23,1876019.34
16384,2,ji_ij,0,0,24,1862808.50
16384,2,ji_ij,0,0,25,1861565.55
16384,2,ji_ij,0,0,26,1856972.89
16384,2,ji_ij,0,0,27,1890223.56
16384,2,ji_ij,0,0,28,1905309.30
16384,2,ji_ij,0,0,29,1851766.90
16384,2,ji_ij,0,0,30,1858108.41
16384,2,ji_ij,0,0,31,1853561.56
16384,2,ji_ij,0,0,32,1889140.62
16384,2,ji_ij,0,0,33,1854352.39
16384,2,ji_ij,0,0,34,1864671.64
16384,2,ji_ij,0,0,35,1905691.86
16384,2,ji_ij,0,0,36,1856268.20
16384,2,ji_ij,0,0,37,1903390.27
16384,2,ji_ij,0,0,38,1887194.01
16384,2,ji_ij,0,0,39,1881187.15
16384,2,ji_ij,0,0,40,1864466.45
16384,2,ji_ij,0,0,41,1947888.52
16384,2,ji_ij,0,0,42,1890095.20
16384,2,ji_ij,0,0,43,1920748.26
16384,2,ji_ij,0,0,44,1858193.00
16384,3,blk_RR,16,0,0,42273.96
16384,3,blk_RR,16,0,1,40207.24
16384,3,blk_RR,16,0,2,42960.66
16384,3,blk_RR,16,0,3,41567.04
16384,3,blk_RR,16,0,4,40047.95
16384,3,blk_RR,16,0,5,41403.20
16384,3,blk_RR,16,0,6,43639.71
16384,3,blk_RR,16,0,7,41448.10
16384,3,blk_RR,16,0,8,42111.54
16384,3,blk_RR,16,0,9,44093.72
16384,3,blk_RR,16,0,10,39712.02
16384,3,blk_RR,16,0,11,40454.78
16384,3,blk_RR,16,0,12,42700.67
16384,3,blk_RR,16,0,13,41107.85
16384,3,blk_RR,16,0,14,40313.47
16384,3,blk_RR,16,0,15,43989.40
16384,3,blk_RR,16,0,16,40331.01
16384,3,blk_RR,16,0,17,42245.51
16384,3,blk_RR,16,0,18,42244.62
16384,3,blk_RR,16,0,19,43479.43
16384,3,blk_RR,16,0,20,40671.86
16384,3,blk_RR,16,0,21,40021.77
16384,3,blk_RR,16,0,22,42316.75
16384,3,blk_RR,16,0,23,42096.11
16384,3,blk_RR,16,0,24,39444.38
16384,3,blk_RR,16,0,25,42330.89
16384,3,blk_RR,16,0,26,42109.42
16384,3,blk_RR,16,0,27,40373.99
16384,3,blk_RR,16,0,28,39604.86
16384,3,blk_RR,16,0,29,44118.96
16384,3,blk_RR,16,0,30,43052.53
16384,3,blk_RR,16,0,31,40864.56
16384,3,blk_RR,16,0,32,42521.86
16384,3,blk_RR,16,0,33,42242.35
16384,3,blk_RR,16,0,34,40100.26
16384,3,blk_RR,16,0,35,42777.53
16384,3,blk_RR,16,0,36,41593.05
16384,3,blk_RR,16,0,37,39349.60
16384,3,blk_RR,16,0,38,40769.24
16384,3,blk_RR,16,0,39,43755.52
16384,3,blk_RR,16,0,40,43288.84
16384,3,blk_RR,16,0,41,40893.78
16384,3,blk_RR,16,0,42,45609.10
16384,3,blk_RR,16,0,43,41230.70
16384,3,blk_RR,16,0,44,40531.00
16384,3,blk_RC,16,0,0,40589.82
16384,3,blk_RC,16,0,1,41555.26
16384,3,blk_RC,16,0,2,41583.23
16384,3,blk_RC,16,0,3,42316.33
16384,3,blk_RC,16,0,4,41368.65
16384,3,blk_RC,16,0,5,41949.65
16384,3,blk_RC,16,0,6,41746.01
16384,3,blk_RC,16,0,7,41149.04
16384,3,blk_RC,16,0,8,43120.43
16384,3,blk_RC,16,0,9,40109.29
16384,3,blk_RC,16,0,10,43023.19
16384,3,blk_RC,16,0,11,42219.08
16384,3,blk_RC,16,0,12,39606.36
16384,3,blk_RC,16,0,13,68381.71
16384,3,blk_RC,16,0,14,40456.48
16384,3,blk_RC,16,0,15,41440.74
16384,3,blk_RC,16,0,16,43195.60
16384,3,blk_RC,16,0,17,42120.08
16384,3,blk_RC,16,0,18,40767.89
16384,3,blk_RC,16,0,19,40731.29
16384,3,blk_RC,16,0,20,44096.79
16384,3,blk_RC,16,0,21,40745.94
16384,3,blk_RC,16,0,22,40707.32
16384,3,blk_RC,16,0,23,45187.12
16384,3,blk_RC,16,0,24,39623.22
16384,3,blk_RC,16,0,25,41971.41
16384,3,blk_RC,16,0,26,44432.68
16384,3,blk_RC,16,0,27,41648.06
16384,3,blk_RC,16,0,28,39906.67
16384,3,blk_RC,16,0,29,42517.19
16384,3,blk_RC,16,0,30,42950.65
16384,3,blk_RC,16,0,31,39708.18
16384,3,blk_RC,16,0,32,41893.78
16384,3,blk_RC,16,0,33,44268.11
16384,3,blk_RC,16,0,34,39559.07
16384,3,blk_RC,16,0,35,40939.44
16384,3,blk_RC,16,0,36,44602.05
16384,3,blk_RC,16,0,37,39679.45
16384,3,blk_RC,16,0,38,40787.35
16384,3,blk_RC,16,0,39,43446.92
16384,3,blk_RC,16,0,40,42085.62
16384,3,blk_RC,16,0,41,39960.37
16384,3,blk_RC,16,0,42,42380.45
16384,3,blk_RC,16,0,43,43749.86
16384,3,blk_RC,16,0,44,39714.71
16384,3,blk_CR,16,0,0,41298.95
16384,3,blk_CR,16,0,1,43868.09
16384,3,blk_CR,16,0,2,40313.67
16384,3,blk_CR,16,0,3,40647.10
16384,3,blk_CR,16,0,4,44350.38
16384,3,blk_CR,16,0,5,39489.24
16384,3,blk_CR,16,0,6,41196.11
16384,3,blk_CR,16,0,7,41016.97
16384,3,blk_CR,16,0,8,43231.21
16384,3,blk_CR,16,0,9,40723.38
16384,3,blk_CR,16,0,10,40790.71
16384,3,blk_CR,16,0,11,43780.57
16384,3,blk_CR,16,0,12,40652.09
16384,3,blk_CR,16,0,13,42292.71
16384,3,blk_CR,16,0,14,42742.78
16384,3,blk_CR,16,0,15,43170.07
16384,3,blk_CR,16,0,16,39960.59
16384,3,blk_CR,16,0,17,42614.50
16384,3,blk_CR,16,0,18,43185.20
16384,3,blk_CR,16,0,19,40758.87
16384,3,blk_CR,16,0,20,42232.27
16384,3,blk_CR,16,0,21,43041.27
16384,3,blk_CR,16,0,22,40545.15
16384,3,blk_CR,16,0,23,41608.70
16384,3,blk_CR,16,0,24,43265.84
16384,3,blk_CR,16,0,25,41274.89
16384,3,blk_CR,16,0,26,42140.11
16384,3,blk_CR,16,0,27,43571.36
16384,3,blk_CR,16,0,28,40678.62
16384,3,blk_CR,16,0,29,39938.32
16384,3,blk_CR,16,0,30,42835.86
16384,3,blk_CR,16,0,31,42797.56
16384,3,blk_CR,16,0,32,40520.32
16384,3,blk_CR,16,0,33,41366.40
16384,3,blk_CR,16,0,34,45136.73
16384,3,blk_CR,16,0,35,41113.61
16384,3,blk_CR,16,0,36,42319.72
16384,3,blk_CR,16,0,37,44171.09
16384,3,blk_CR,16,0,38,41677.72
16384,3,blk_CR,16,0,39,41296.23
16384,3,blk_CR,16,0,40,41272.65
16384,3,blk_CR,16,0,41,42920.53
16384,3,blk_CR,16,0,42,41035.28
16384,3,blk_CR,16,0,43,41434.56
16384,3,blk_CR,16,0,44,43514.18
16384,3,blk_CC,16,0,0,43762.18
16384,3,blk_CC,16,0,1,40289.00
16384,3,blk_CC,16,0,2,40590.84
16384,3,blk_CC,16,0,3,43408.36
16384,3,blk_CC,16,0,4,41131.37
16384,3,blk_CC,16,0,5,39915.06
16384,3,blk_CC,16,0,6,43326.09
16384,3,blk_CC,16,0,7,41707.93
16384,3,blk_CC,16,0,8,40740.82
16384,3,blk_CC,16,0,9,43624.48
16384,3,blk_CC,16,0,10,41773.43
16384,3,blk_CC,16,0,11,40297.54
16384,3,blk_CC,16,0,12,40195.94
16384,3,blk_CC,16,0,13,44835.46
16384,3,blk_CC,16,0,14,39634.42
16384,3,blk_CC,16,0,15,39975.95
16384,3,blk_CC,16,0,16,44619.49
16384,3,blk_CC,16,0,17,40556.96
16384,3,blk_CC,16,0,18,40083.75
16384,3,blk_CC,16,0,19,41332.93
16384,3,blk_CC,16,0,20,43238.06
16384,3,blk_CC,16,0,21,39672.15
16384,3,blk_CC,16,0,22,41001.55
16384,3,blk_CC,16,0,23,42683.77
16384,3,blk_CC,16,0,24,40707.26
16384,3,blk_CC,16,0,25,40790.42
16384,3,blk_CC,16,0,26,41276.04
16384,3,blk_CC,16,0,27,41965.78
16384,3,blk_CC,16,0,28,41018.61
16384,3,blk_CC,16,0,29,40657.11
16384,3,blk_CC,16,0,30,43008.18
16384,3,blk_CC,16,0,31,40653.27
16384,3,blk_CC,16,0,32,40161.99
16384,3,blk_CC,16,0,33,43033.11
16384,3,blk_CC,16,0,34,41492.13
16384,3,blk_CC,16,0,35,40233.54
16384,3,blk_CC,16,0,36,43023.25
16384,3,blk_CC,16,0,37,41453.22
16384,3,blk_CC,16,0,38,40064.62
16384,3,blk_CC,16,0,39,41852.82
16384,3,blk_CC,16,0,40,42697.28
16384,3,blk_CC,16,0,41,42810.52
16384,3,blk_CC,16,0,42,43337.19
16384,3,blk_CC,16,0,43,43181.65
16384,3,blk_CC,16,0,44,40777.94
16384,4,tiled,0,16,0,29565.76
16384,4,tiled,0,16,1,28634.30
16384,4,tiled,0,16,2,28532.35
16384,4,tiled,0,16,3,38127.36
16384,4,tiled,0,16,4,28788.12
16384,4,tiled,0,16,5,33706.82
16384,4,tiled,0,16,6,36215.32
16384,4,tiled,0,16,7,33367.95
16384,4,tiled,0,16,8,32888.93
16384,4,tiled,0,16,9,29322.76
16384,4,tiled,0,16,10,28642.04
16384,4,tiled,0,16,11,29374.28
16384,4,tiled,0,16,12,28866.83
16384,4,tiled,0,16,13,28721.33
16384,4,tiled,0,16,14,29112.49
16384,4,tiled,0,16,15,28737.33
16384,4,tiled,0,16,16,28640.03
16384,4,tiled,0,16,17,28647.35
16384,4,tiled,0,16,18,28672.35
16384,4,tiled,0,16,19,28654.26
16384,4,tiled,0,16,20,28848.31
16384,4,tiled,0,16,21,28763.35
16384,4,tiled,0,16,22,84027.75
16384,4,tiled,0,16,23,28688.31
16384,4,tiled,0,16,24,28459.52
16384,4,tiled,0,16,25,28540.03
16384,4,tiled,0,16,26,29897.75
16384,4,tiled,0,16,27,29238.28
16384,4,tiled,0,16,28,28380.58
16384,4,tiled,0,16,29,29255.02
16384,4,tiled,0,16,30,28854.00
16384,4,tiled,0,16,31,30136.72
16384,4,tiled,0,16,32,28726.01
16384,4,tiled,0,16,33,28532.60
16384,4,tiled,0,16,34,28473.73
16384,4,tiled,0,16,35,28673.37
16384,4,tiled,0,16,36,28372.19
16384,4,tiled,0,16,37,28591.55
16384,4,tiled,0,16,38,28646.84
16384,4,tiled,0,16,39,28644.79
16384,4,tiled,0,16,40,29275.85
16384,4,tiled,0,16,41,28728.89
16384,4,tiled,0,16,42,30417.57
16384,4,tiled,0,16,43,28625.98
16384,4,tiled,0,16,44,29634.33
16384,3,blk_RR,32,0,0,30558.53
16384,3,blk_RR,32,0,1,26244.16
16384,3,blk_RR,32,0,2,26333.72
16384,3,blk_RR,32,0,3,29143.66
16384,3,blk_RR,32,0,4,30035.41
16384,3,blk_RR,32,0,5,28739.77
16384,3,blk_RR,32,0,6,26278.37
16384,3,blk_RR,32,0,7,26608.66
16384,3,blk_RR,32,0,8,29515.04
16384,3,blk_RR,32,0,9,30702.20
16384,3,blk_RR,32,0,10,26296.77
16384,3,blk_RR,32,0,11,28540.22
16384,3,blk_RR,32,0,12,27017.96
16384,3,blk_RR,32,0,13,29073.97
16384,3,blk_RR,32,0,14,30440.23
16384,3,blk_RR,32,0,15,26406.72
16384,3,blk_RR,32,0,16,27933.93
16384,3,blk_RR,32,0,17,27861.23
16384,3,blk_RR,32,0,18,29974.42
16384,3,blk_RR,32,0,19,27695.00
16384,3,blk_RR,32,0,20,27142.79
16384,3,blk_RR,32,0,21,30124.14
16384,3,blk_RR,32,0,22,27590.90
16384,3,blk_RR,32,0,23,30714.81
16384,3,blk_RR,32,0,24,28247.14
16384,3,blk_RR,32,0,25,26937.20
16384,3,blk_RR,32,0,26,27893.81
16384,3,blk_RR,32,0,27,29883.09
16384,3,blk_RR,32,0,28,28982.03
16384,3,blk_RR,32,0,29,26458.07
16384,3,blk_RR,32,0,30,28173.54
16384,3,blk_RR,32,0,31,30694.40
16384,3,blk_RR,32,0,32,27604.15
16384,3,blk_RR,32,0,33,29799.77
16384,3,blk_RR,32,0,34,27192.55
16384,3,blk_RR,32,0,35,28551.96
16384,3,blk_RR,32,0,36,30395.75
16384,3,blk_RR,32,0,37,29485.47
16384,3,blk_RR,32,0,38,26703.12
16384,3,blk_RR,32,0,39,27213.06
16384,3,blk_RR,32,0,40,29769.24
16384,3,blk_RR,32,0,41,28737.40
16384,3,blk_RR,32,0,42,26269.89
16384,3,blk_RR,32,0,43,26752.69
16384,3,blk_RR,32,0,44,29650.81
16384,3,blk_RC,32,0,0,27718.04
16384,3,blk_RC,32,0,1,30294.79
16384,3,blk_RC,32,0,2,26698.29
16384,3,blk_RC,32,0,3,26524.79
16384,3,blk_RC,32,0,4,25391.42
16384,3,blk_RC,32,0,5,27047.24
16384,3,blk_RC,32,0,6,30415.27
16384,3,blk_RC,32,0,7,26164.35
16384,3,blk_RC,32,0,8,25482.61
16384,3,blk_RC,32,0,9,29593.47
16384,3,blk_RC,32,0,10,28274.76
16384,3,blk_RC,32,0,11,28665.66
16384,3,blk_RC,32,0,12,25682.70
16384,3,blk_RC,32,0,13,25560.56
16384,3,blk_RC,32,0,14,27898.64
16384,3,blk_RC,32,0,15,30789.88
16384,3,blk_RC,32,0,16,26624.34
16384,3,blk_RC,32,0,17,25805.55
16384,3,blk_RC,32,0,18,26774.16
16384,3,blk_RC,32,0,19,28980.75
16384,3,blk_RC,32,0,20,28617.79
16384,3,blk_RC,32,0,21,27156.39
16384,3,blk_RC,32,0,22,25822.03
16384,3,blk_RC,32,0,23,28593.44
16384,3,blk_RC,32,0,24,31554.53
16384,3,blk_RC,32,0,25,25668.37
16384,3,blk_RC,32,0,26,25538.39
16384,3,blk_RC,32,0,27,27274.21
16384,3,blk_RC,32,0,28,30171.02
16384,3,blk_RC,32,0,29,28138.86
16384,3,blk_RC,32,0,30,26526.65
16384,3,blk_RC,32,0,31,25607.92
16384,3,blk_RC,32,0,32,28535.23
16384,3,blk_RC,32,0,33,29835.19
16384,3,blk_RC,32,0,34,26996.62
16384,3,blk_RC,32,0,35,25665.17
16384,3,blk_RC,32,0,36,26614.81
16384,3,blk_RC,32,0,37,28173.03
16384,3,blk_RC,32,0,38,29815.22
16384,3,blk_RC,32,0,39,25617.58
16384,3,blk_RC,32,0,40,25491.64
16384,3,blk_RC,32,0,41,26293.09
16384,3,blk_RC,32,0,42,28340.90
16384,3,blk_RC,32,0,43,29145.32
16384,3,blk_RC,32,0,44,26234.21
16384,3,blk_CR,32,0,0,26156.93
16384,3,blk_CR,32,0,1,26949.39
16384,3,blk_CR,32,0,2,27417.79
16384,3,blk_CR,32,0,3,28554.56
16384,3,blk_CR,32,0,4,28446.56
16384,3,blk_CR,32,0,5,25854.80
16384,3,blk_CR,32,0,6,26802.77
16384,3,blk_CR,32,0,7,27410.49
16384,3,blk_CR,32,0,8,29661.72
16384,3,blk_CR,32,0,9,25741.71
16384,3,blk_CR,32,0,10,25680.46
16384,3,blk_CR,32,0,11,27515.35
16384,3,blk_CR,32,0,12,26619.99
16384,3,blk_CR,32,0,13,30013.52
16384,3,blk_CR,32,0,14,25623.35
16384,3,blk_CR,32,0,15,26146.75
16384,3,blk_CR,32,0,16,27874.00
16384,3,blk_CR,32,0,17,26615.19
16384,3,blk_CR,32,0,18,29033.45
16384,3,blk_CR,32,0,19,25517.27
16384,3,blk_CR,32,0,20,28318.15
16384,3,blk_CR,32,0,21,27218.31
16384,3,blk_CR,32,0,22,30586.14
16384,3,blk_CR,32,0,23,26875.24
16384,3,blk_CR,32,0,24,27433.60
16384,3,blk_CR,32,0,25,27367.71
16384,3,blk_CR,32,0,26,27490.81
16384,3,blk_CR,32,0,27,28168.84
16384,3,blk_CR,32,0,28,26575.67
16384,3,blk_CR,32,0,29,28781.62
16384,3,blk_CR,32,0,30,25894.70
16384,3,blk_CR,32,0,31,27907.89
16384,3,blk_CR,32,0,32,28892.50
16384,3,blk_CR,32,0,33,28167.78
16384,3,blk_CR,32,0,34,26549.17
16384,3,blk_CR,32,0,35,26081.19
16384,3,blk_CR,32,0,36,29364.80
16384,3,blk_CR,32,0,37,27838.71
16384,3,blk_CR,32,0,38,26738.19
16384,3,blk_CR,32,0,39,25557.65
16384,3,blk_CR,32,0,40,29040.62
16384,3,blk_CR,32,0,41,29869.72
16384,3,blk_CR,32,0,42,25607.89
16384,3,blk_CR,32,0,43,26810.61
16384,3,blk_CR,32,0,44,25469.69
16384,3,blk_CC,32,0,0,29852.09
16384,3,blk_CC,32,0,1,29357.22
16384,3,blk_CC,32,0,2,29825.24
16384,3,blk_CC,32,0,3,28530.97
16384,3,blk_CC,32,0,4,27211.33
16384,3,blk_CC,32,0,5,30978.26
16384,3,blk_CC,32,0,6,29592.35
16384,3,blk_CC,32,0,7,28493.37
16384,3,blk_CC,32,0,8,26847.02
16384,3,blk_CC,32,0,9,28221.06
16384,3,blk_CC,32,0,10,31037.81
16384,3,blk_CC,32,0,11,27561.98
16384,3,blk_CC,32,0,12,27185.15
16384,3,blk_CC,32,0,13,26328.06
16384,3,blk_CC,32,0,14,29253.45
16384,3,blk_CC,32,0,15,29284.29
16384,3,blk_CC,32,0,16,28407.68
16384,3,blk_CC,32,0,17,26254.37
16384,3,blk_CC,32,0,18,26667.57
16384,3,blk_CC,32,0,19,29148.07
16384,3,blk_CC,32,0,20,29342.82
16384,3,blk_CC,32,0,21,28107.66
16384,3,blk_CC,32,0,22,27269.28
16384,3,blk_CC,32,0,23,27118.57
16384,3,blk_CC,32,0,24,28493.09
16384,3,blk_CC,32,0,25,30033.78
16384,3,blk_CC,32,0,26,27098.50
16384,3,blk_CC,32,0,27,26960.52
16384,3,blk_CC,32,0,28,28236.42
16384,3,blk_CC,32,0,29,28283.59
16384,3,blk_CC,32,0,30,29101.04
16384,3,blk_CC,32,0,31,27639.13
16384,3,blk_CC,32,0,32,27662.61
16384,3,blk_CC,32,0,33,29591.29
16384,3,blk_CC,32,0,34,28621.31
16384,3,blk_CC,32,0,35,28189.38
16384,3,blk_CC,32,0,36,28577.95
16384,3,blk_CC,32,0,37,28481.50
16384,3,blk_CC,32,0,38,27277.83
16384,3,blk_CC,32,0,39,29370.24
16384,3,blk_CC,32,0,40,28179.49
16384,3,blk_CC,32,0,41,28739.03
16384,3,blk_CC,32,0,42,26374.17
16384,3,blk_CC,32,0,43,28452.16
16384,3,blk_CC,32,0,44,28596.92
16384,4,tiled,0,32,0,36461.68
16384,4,tiled,0,32,1,36213.43
16384,4,tiled,0,32,2,33826.47
16384,4,tiled,0,32,3,26876.62
16384,4,tiled,0,32,4,36200.16
16384,4,tiled,0,32,5,31488.42
16384,4,tiled,0,32,6,36280.73
16384,4,tiled,0,32,7,37491.35
16384,4,tiled,0,32,8,35183.42
16384,4,tiled,0,32,9,30807.03
16384,4,tiled,0,32,10,36902.92
16384,4,tiled,0,32,11,38322.81
16384,4,tiled,0,32,12,34465.93
16384,4,tiled,0,32,13,28961.39
16384,4,tiled,0,32,14,31421.03
16384,4,tiled,0,32,15,23483.12
16384,4,tiled,0,32,16,32947.42
16384,4,tiled,0,32,17,33285.23
16384,4,tiled,0,32,18,29851.54
16384,4,tiled,0,32,19,30184.78
16384,4,tiled,0,32,20,31752.73
16384,4,tiled,0,32,21,37653.59
16384,4,tiled,0,32,22,34429.90
16384,4,tiled,0,32,23,32505.06
16384,4,tiled,0,32,24,35488.43
16384,4,tiled,0,32,25,26300.93
16384,4,tiled,0,32,26,32714.15
16384,4,tiled,0,32,27,28790.04
16384,4,tiled,0,32,28,30193.90
16384,4,tiled,0,32,29,29337.12
16384,4,tiled,0,32,30,30670.21
16384,4,tiled,0,32,31,29399.75
16384,4,tiled,0,32,32,30348.14
16384,4,tiled,0,32,33,29554.49
16384,4,tiled,0,32,34,30358.60
16384,4,tiled,0,32,35,29737.75
16384,4,tiled,0,32,36,30526.69
16384,4,tiled,0,32,37,28860.08
16384,4,tiled,0,32,38,28114.79
16384,4,tiled,0,32,39,21637.51
16384,4,tiled,0,32,40,26845.36
16384,4,tiled,0,32,41,21984.28
16384,4,tiled,0,32,42,24196.64
16384,4,tiled,0,32,43,21758.50
16384,4,tiled,0,32,44,22150.01
16384,3,blk_RR,64,0,0,20780.45
16384,3,blk_RR,64,0,1,19872.67
16384,3,blk_RR,64,0,2,19926.90
16384,3,blk_RR,64,0,3,20621.70
16384,3,blk_RR,64,0,4,19875.80
16384,3,blk_RR,64,0,5,19894.36
16384,3,blk_RR,64,0,6,19887.51
16384,3,blk_RR,64,0,7,20603.30
16384,3,blk_RR,64,0,8,21299.41
16384,3,blk_RR,64,0,9,20680.03
16384,3,blk_RR,64,0,10,19841.66
16384,3,blk_RR,64,0,11,19889.08
16384,3,blk_RR,64,0,12,20441.42
16384,3,blk_RR,64,0,13,19915.39
16384,3,blk_RR,64,0,14,19856.06
16384,3,blk_RR,64,0,15,20397.00
16384,3,blk_RR,64,0,16,19870.72
16384,3,blk_RR,64,0,17,20254.73
16384,3,blk_RR,64,0,18,19863.58
16384,3,blk_RR,64,0,19,19841.08
16384,3,blk_RR,64,0,20,19889.85
16384,3,blk_RR,64,0,21,19908.38
16384,3,blk_RR,64,0,22,20189.74
16384,3,blk_RR,64,0,23,20373.55
16384,3,blk_RR,64,0,24,19968.82
16384,3,blk_RR,64,0,25,19897.85
16384,3,blk_RR,64,0,26,19876.15
16384,3,blk_RR,64,0,27,20883.55
16384,3,blk_RR,64,0,28,19879.13
16384,3,blk_RR,64,0,29,19933.69
16384,3,blk_RR,64,0,30,19842.72
16384,3,blk_RR,64,0,31,19887.39
16384,3,blk_RR,64,0,32,19867.90
16384,3,blk_RR,64,0,33,19885.02
16384,3,blk_RR,64,0,34,48981.00
16384,3,blk_RR,64,0,35,46667.56
16384,3,blk_RR,64,0,36,19854.72
16384,3,blk_RR,64,0,37,19866.46
16384,3,blk_RR,64,0,38,19889.78
16384,3,blk_RR,64,0,39,20148.95
16384,3,blk_RR,64,0,40,19902.52
16384,3,blk_RR,64,0,41,20257.78
16384,3,blk_RR,64,0,42,21732.42
16384,3,blk_RR,64,0,43,19971.70
16384,3,blk_RR,64,0,44,20909.56
16384,3,blk_RC,64,0,0,19353.16
16384,3,blk_RC,64,0,1,19365.48
16384,3,blk_RC,64,0,2,19324.07
16384,3,blk_RC,64,0,3,20246.70
16384,3,blk_RC,64,0,4,19383.37
16384,3,blk_RC,64,0,5,20748.29
16384,3,blk_RC,64,0,6,19364.84
16384,3,blk_RC,64,0,7,19332.23
16384,3,blk_RC,64,0,8,19344.90
16384,3,blk_RC,64,0,9,19336.17
16384,3,blk_RC,64,0,10,20491.98
16384,3,blk_RC,64,0,11,19939.00
16384,3,blk_RC,64,0,12,19712.26
16384,3,blk_RC,64,0,13,20244.59
16384,3,blk_RC,64,0,14,19440.42
16384,3,blk_RC,64,0,15,20642.72
16384,3,blk_RC,64,0,16,19338.28
16384,3,blk_RC,64,0,17,20255.60
16384,3,blk_RC,64,0,18,19388.94
16384,3,blk_RC,64,0,19,19354.28
16384,3,blk_RC,64,0,20,20293.81
16384,3,blk_RC,64,0,21,20879.65
16384,3,blk_RC,64,0,22,19343.15
16384,3,blk_RC,64,0,23,19372.30
16384,3,blk_RC,64,0,24,19350.95
16384,3,blk_RC,64,0,25,19415.33
16384,3,blk_RC,64,0,26,22398.61
16384,3,blk_RC,64,0,27,19323.95
16384,3,blk_RC,64,0,28,19375.34
16384,3,blk_RC,64,0,29,19384.55
16384,3,blk_RC,64,0,30,19965.11
16384,3,blk_RC,64,0,31,19398.41
16384,3,blk_RC,64,0,32,19353.58
16384,3,blk_RC,64,0,33,19383.62
16384,3,blk_RC,64,0,34,20112.63
16384,3,blk_RC,64,0,35,19410.09
16384,3,blk_RC,64,0,36,19381.99
16384,3,blk_RC,64,0,37,19369.45
16384,3,blk_RC,64,0,38,19403.40
16384,3,blk_RC,64,0,39,19397.67
16384,3,blk_RC,64,0,40,19697.12
16384,3,blk_RC,64,0,41,20697.35
16384,3,blk_RC,64,0,42,19340.07
16384,3,blk_RC,64,0,43,19345.10
16384,3,blk_RC,64,0,44,19397.80
16384,3,blk_CR,64,0,0,20008.28
16384,3,blk_CR,64,0,1,19438.50
16384,3,blk_CR,64,0,2,20957.37
16384,3,blk_CR,64,0,3,19358.51
16384,3,blk_CR,64,0,4,19326.76
16384,3,blk_CR,64,0,5,19384.52
16384,3,blk_CR,64,0,6,19294.70
16384,3,blk_CR,64,0,7,21779.11
16384,3,blk_CR,64,0,8,19334.38
16384,3,blk_CR,64,0,9,19304.24
16384,3,blk_CR,64,0,10,19671.10
16384,3,blk_CR,64,0,11,19314.57
16384,3,blk_CR,64,0,12,21309.23
16384,3,blk_CR,64,0,13,20250.26
16384,3,blk_CR,64,0,14,19960.95
16384,3,blk_CR,64,0,15,19328.59
16384,3,blk_CR,64,0,16,19332.90
16384,3,blk_CR,64,0,17,19381.19
16384,3,blk_CR,64,0,18,19365.51
16384,3,blk_CR,64,0,19,22243.06
16384,3,blk_CR,64,0,20,19382.76
16384,3,blk_CR,64,0,21,21459.40
16384,3,blk_CR,64,0,22,19368.46
16384,3,blk_CR,64,0,23,19396.14
16384,3,blk_CR,64,0,24,19346.67
16384,3,blk_CR,64,0,25,21136.60
16384,3,blk_CR,64,0,26,19343.05
16384,3,blk_CR,64,0,27,19350.99
16384,3,blk_CR,64,0,28,19375.30
16384,3,blk_CR,64,0,29,19372.46
16384,3,blk_CR,64,0,30,19309.61
16384,3,blk_CR,64,0,31,19373.99
16384,3,blk_CR,64,0,32,19349.83
16384,3,blk_CR,64,0,33,20036.08
16384,3,blk_CR,64,0,34,19340.20
16384,3,blk_CR,64,0,35,20503.11
16384,3,blk_CR,64,0,36,19353.42
16384,3,blk_CR,64,0,37,19363.66
16384,3,blk_CR,64,0,38,19354.28
16384,3,blk_CR,64,0,39,19350.51
16384,3,blk_CR,64,0,40,19341.39
16384,3,blk_CR,64,0,41,19381.45
16384,3,blk_CR,64,0,42,19750.53
16384,3,blk_CR,64,0,43,20389.71
16384,3,blk_CR,64,0,44,19358.89
16384,3,blk_CC,64,0,0,19872.73
16384,3,blk_CC,64,0,1,20041.14
16384,3,blk_CC,64,0,2,21394.45
16384,3,blk_CC,64,0,3,20302.57
16384,3,blk_CC,64,0,4,19846.08
16384,3,blk_CC,64,0,5,21269.68
16384,3,blk_CC,64,0,6,19931.00
16384,3,blk_CC,64,0,7,19838.81
16384,3,blk_CC,64,0,8,19792.70
16384,3,blk_CC,64,0,9,19826.27
16384,3,blk_CC,64,0,10,19871.96
16384,3,blk_CC,64,0,11,20544.55
16384,3,blk_CC,64,0,12,20217.42
16384,3,blk_CC,64,0,13,20703.30
16384,3,blk_CC,64,0,14,20423.82
16384,3,blk_CC,64,0,15,19854.65
16384,3,blk_CC,64,0,16,19840.96
16384,3,blk_CC,64,0,17,20645.54
16384,3,blk_CC,64,0,18,19864.22
16384,3,blk_CC,64,0,19,19854.49
16384,3,blk_CC,64,0,20,20439.02
16384,3,blk_CC,64,0,21,19835.39
16384,3,blk_CC,64,0,22,19796.25
16384,3,blk_CC,64,0,23,19832.92
16384,3,blk_CC,64,0,24,19870.43
16384,3,blk_CC,64,0,25,19877.47
16384,3,blk_CC,64,0,26,19884.99
16384,3,blk_CC,64,0,27,20046.00
16384,3,blk_CC,64,0,28,21521.00
16384,3,blk_CC,64,0,29,20699.91
16384,3,blk_CC,64,0,30,19923.96
16384,3,blk_CC,64,0,31,19874.84
16384,3,blk_CC,64,0,32,20265.97
16384,3,blk_CC,64,0,33,19927.03
16384,3,blk_CC,64,0,34,20121.52
16384,3,blk_CC,64,0,35,19879.90
16384,3,blk_CC,64,0,36,19847.39
16384,3,blk_CC,64,0,37,19848.35
16384,3,blk_CC,64,0,38,19918.90
16384,3,blk_CC,64,0,39,20632.87
16384,3,blk_CC,64,0,40,19931.29
16384,3,blk_CC,64,0,41,24158.17
16384,3,blk_CC,64,0,42,19988.89
16384,3,blk_CC,64,0,43,19923.13
16384,3,blk_CC,64,0,44,20033.62
16384,4,tiled,0,64,0,18263.05
16384,4,tiled,0,64,1,19198.41
16384,4,tiled,0,64,2,18345.54
16384,4,tiled,0,64,3,17903.06
16384,4,tiled,0,64,4,18114.96
16384,4,tiled,0,64,5,19526.15
16384,4,tiled,0,64,6,18164.97
16384,4,tiled,0,64,7,19094.58
16384,4,tiled,0,64,8,18071.66
16384,4,tiled,0,64,9,18242.83
16384,4,tiled,0,64,10,18186.12
16384,4,tiled,0,64,11,18267.53
16384,4,tiled,0,64,12,18086.00
16384,4,tiled,0,64,13,18138.51
16384,4,tiled,0,64,14,18050.45
16384,4,tiled,0,64,15,18191.40
16384,4,tiled,0,64,16,17907.67
16384,4,tiled,0,64,17,18109.04
16384,4,tiled,0,64,18,17814.81
16384,4,tiled,0,64,19,17903.73
16384,4,tiled,0,64,20,18369.38
16384,4,tiled,0,64,21,18292.23
16384,4,tiled,0,64,22,18856.76
16384,4,tiled,0,64,23,18005.94
16384,4,tiled,0,64,24,19588.87
16384,4,tiled,0,64,25,18166.60
16384,4,tiled,0,64,26,17934.39
16384,4,tiled,0,64,27,18025.30
16384,4,tiled,0,64,28,18052.59
16384,4,tiled,0,64,29,18093.93
16384,4,tiled,0,64,30,17879.51
16384,4,tiled,0,64,31,19169.30
16384,4,tiled,0,64,32,18229.19
16384,4,tiled,0,64,33,18066.35
16384,4,tiled,0,64,34,18201.16
16384,4,tiled,0,64,35,18001.97
16384,4,tiled,0,64,36,17900.12
16384,4,tiled,0,64,37,17916.75
16384,4,tiled,0,64,38,17968.63
16384,4,tiled,0,64,39,17991.12
16384,4,tiled,0,64,40,18148.78
16384,4,tiled,0,64,41,17915.76
16384,4,tiled,0,64,42,18072.81
16384,4,tiled,0,64,43,18347.46
16384,4,tiled,0,64,44,17969.14
16384,3,blk_RR,128,0,0,39997.37
16384,3,blk_RR,128,0,1,39930.81
16384,3,blk_RR,128,0,2,39907.77
16384,3,blk_RR,128,0,3,39990.74
16384,3,blk_RR,128,0,4,39957.88
16384,3,blk_RR,128,0,5,39934.94
16384,3,blk_RR,128,0,6,35467.67
16384,3,blk_RR,128,0,7,34059.97
16384,3,blk_RR,128,0,8,40337.29
16384,3,blk_RR,128,0,9,40020.21
16384,3,blk_RR,128,0,10,31446.25
16384,3,blk_RR,128,0,11,27471.71
16384,3,blk_RR,128,0,12,31627.97
16384,3,blk_RR,128,0,13,41113.02
16384,3,blk_RR,128,0,14,27418.59
16384,3,blk_RR,128,0,15,27288.54
16384,3,blk_RR,128,0,16,32251.99
16384,3,blk_RR,128,0,17,29953.46
16384,3,blk_RR,128,0,18,34604.30
16384,3,blk_RR,128,0,19,48621.73
16384,3,blk_RR,128,0,20,29644.86
16384,3,blk_RR,128,0,21,28309.60
16384,3,blk_RR,128,0,22,27725.78
16384,3,blk_RR,128,0,23,31024.85
16384,3,blk_RR,128,0,24,29558.91
16384,3,blk_RR,128,0,25,41331.38
16384,3,blk_RR,128,0,26,40546.47
16384,3,blk_RR,128,0,27,39855.68
16384,3,blk_RR,128,0,28,40041.01
16384,3,blk_RR,128,0,29,32101.37
16384,3,blk_RR,128,0,30,33500.85
16384,3,blk_RR,128,0,31,25841.03
16384,3,blk_RR,128,0,32,25016.13
16384,3,blk_RR,128,0,33,26820.65
16384,3,blk_RR,128,0,34,31465.77
16384,3,blk_RR,128,0,35,28342.34
16384,3,blk_RR,128,0,36,25099.07
16384,3,blk_RR,128,0,37,25474.64
16384,3,blk_RR,128,0,38,30510.69
16384,3,blk_RR,128,0,39,28364.77
16384,3,blk_RR,128,0,40,28540.67
16384,3,blk_RR,128,0,41,25056.54
16384,3,blk_RR,128,0,42,25853.35
16384,3,blk_RR,128,0,43,34212.67
16384,3,blk_RR,128,0,44,25173.82
16384,3,blk_RC,128,0,0,29620.22
16384,3,blk_RC,128,0,1,24794.15
16384,3,blk_RC,128,0,2,24059.93
16384,3,blk_RC,128,0,3,25707.05
16384,3,blk_RC,128,0,4,25902.28
16384,3,blk_RC,128,0,5,29499.71
16384,3,blk_RC,128,0,6,24008.06
16384,3,blk_RC,128,0,7,24780.68
16384,3,blk_RC,128,0,8,25479.70
16384,3,blk_RC,128,0,9,24703.01
16384,3,blk_RC,128,0,10,29897.08
16384,3,blk_RC,128,0,11,23816.96
16384,3,blk_RC,128,0,12,26103.49
16384,3,blk_RC,128,0,13,23827.71
16384,3,blk_RC,128,0,14,24495.92
16384,3,blk_RC,128,0,15,30172.72
16384,3,blk_RC,128,0,16,25175.07
16384,3,blk_RC,128,0,17,23855.04
16384,3,blk_RC,128,0,18,23868.80
16384,3,blk_RC,128,0,19,24447.37
16384,3,blk_RC,128,0,20,29544.16
16384,3,blk_RC,128,0,21,25970.50
16384,3,blk_RC,128,0,22,23800.23
16384,3,blk_RC,128,0,23,24504.40
16384,3,blk_RC,128,0,24,24160.89
16384,3,blk_RC,128,0,25,26963.85
16384,3,blk_RC,128,0,26,28107.78
16384,3,blk_RC,128,0,27,23821.54
16384,3,blk_RC,128,0,28,23799.84
16384,3,blk_RC,128,0,29,24234.45
16384,3,blk_RC,128,0,30,26902.28
16384,3,blk_RC,128,0,31,27776.43
16384,3,blk_RC,128,0,32,23810.08
16384,3,blk_RC,128,0,33,24142.46
16384,3,blk_RC,128,0,34,25542.32
16384,3,blk_RC,128,0,35,26626.90
16384,3,blk_RC,128,0,36,28682.10
16384,3,blk_RC,128,0,37,23785.12
16384,3,blk_RC,128,0,38,23994.43
16384,3,blk_RC,128,0,39,23771.36
16384,3,blk_RC,128,0,40,26422.04
16384,3,blk_RC,128,0,41,28102.18
16384,3,blk_RC,128,0,42,23843.61
16384,3,blk_RC,128,0,43,24182.97
16384,3,blk_RC,128,0,44,23860.83
16384,3,blk_CR,128,0,0,24045.08
16384,3,blk_CR,128,0,1,23898.30
16384,3,blk_CR,128,0,2,25425.91
16384,3,blk_CR,128,0,3,26698.13
16384,3,blk_CR,128,0,4,26881.03
16384,3,blk_CR,128,0,5,23861.34
16384,3,blk_CR,128,0,6,23782.66
16384,3,blk_CR,128,0,7,25034.30
16384,3,blk_CR,128,0,8,26612.24
16384,3,blk_CR,128,0,9,26817.99
16384,3,blk_CR,128,0,10,23843.74
16384,3,blk_CR,128,0,11,24672.65
16384,3,blk_CR,128,0,12,25288.69
16384,3,blk_CR,128,0,13,25679.72
16384,3,blk_CR,128,0,14,28079.14
16384,3,blk_CR,128,0,15,23775.74
16384,3,blk_CR,128,0,16,24656.23
16384,3,blk_CR,128,0,17,26679.92
16384,3,blk_CR,128,0,18,25046.65
16384,3,blk_CR,128,0,19,28278.78
16384,3,blk_CR,128,0,20,23789.06
16384,3,blk_CR,128,0,21,25461.78
16384,3,blk_CR,128,0,22,25126.59
16384,3,blk_CR,128,0,23,24842.05
16384,3,blk_CR,128,0,24,28565.59
16384,3,blk_CR,128,0,25,24861.76
16384,3,blk_CR,128,0,26,24617.58
16384,3,blk_CR,128,0,27,24941.57
16384,3,blk_CR,128,0,28,31559.33
16384,3,blk_CR,128,0,29,26425.08
16384,3,blk_CR,128,0,30,25392.53
16384,3,blk_CR,128,0,31,24925.54
16384,3,blk_CR,128,0,32,24088.76
16384,3,blk_CR,128,0,33,27825.10
16384,3,blk_CR,128,0,34,25665.39
16384,3,blk_CR,128,0,35,25489.65
16384,3,blk_CR,128,0,36,42407.44
16384,3,blk_CR,128,0,37,41769.83
16384,3,blk_CR,128,0,38,24505.55
16384,3,blk_CR,128,0,39,25034.62
16384,3,blk_CR,128,0,40,24201.49
16384,3,blk_CR,128,0,41,27482.26
16384,3,blk_CR,128,0,42,26521.65
16384,3,blk_CR,128,0,43,25635.63
16384,3,blk_CR,128,0,44,24016.99
16384,3,blk_CC,128,0,0,26618.55
16384,3,blk_CC,128,0,1,27849.42
16384,3,blk_CC,128,0,2,28058.34
16384,3,blk_CC,128,0,3,25866.85
16384,3,blk_CC,128,0,4,26814.03
16384,3,blk_CC,128,0,5,25948.87
16384,3,blk_CC,128,0,6,28539.13
16384,3,blk_CC,128,0,7,26252.70
16384,3,blk_CC,128,0,8,26072.38
16384,3,blk_CC,128,0,9,27805.90
16384,3,blk_CC,128,0,10,27208.35
16384,3,blk_CC,128,0,11,28333.79
16384,3,blk_CC,128,0,12,25072.48
16384,3,blk_CC,128,0,13,27037.93
16384,3,blk_CC,128,0,14,25466.19
16384,3,blk_CC,128,0,15,29835.19
16384,3,blk_CC,128,0,16,25179.26
16384,3,blk_CC,128,0,17,26925.96
16384,3,blk_CC,128,0,18,26378.49
16384,3,blk_CC,128,0,19,26355.29
16384,3,blk_CC,128,0,20,29974.26
16384,3,blk_CC,128,0,21,25010.65
16384,3,blk_CC,128,0,22,27681.46
16384,3,blk_CC,128,0,23,25850.12
16384,3,blk_CC,128,0,24,26845.45
16384,3,blk_CC,128,0,25,28839.25
16384,3,blk_CC,128,0,26,25741.16
16384,3,blk_CC,128,0,27,27397.95
16384,3,blk_CC,128,0,28,25796.49
16384,3,blk_CC,128,0,29,28101.32
16384,3,blk_CC,128,0,30,27775.89
16384,3,blk_CC,128,0,31,26092.58
16384,3,blk_CC,128,0,32,25829.99
16384,3,blk_CC,128,0,33,25974.95
16384,3,blk_CC,128,0,34,29859.73
16384,3,blk_CC,128,0,35,27597.21
16384,3,blk_CC,128,0,36,24903.71
16384,3,blk_CC,128,0,37,26061.19
16384,3,blk_CC,128,0,38,25997.73
16384,3,blk_CC,128,0,39,30532.51
16384,3,blk_CC,128,0,40,26051.33
16384,3,blk_CC,128,0,41,25221.75
16384,3,blk_CC,128,0,42,25881.67
16384,3,blk_CC,128,0,43,25335.76
16384,3,blk_CC,128,0,44,31133.65
16384,4,tiled,0,128,0,23702.60
16384,4,tiled,0,128,1,22495.17
16384,4,tiled,0,128,2,28466.37
16384,4,tiled,0,128,3,29111.24
16384,4,tiled,0,128,4,21498.37
16384,4,tiled,0,128,5,22899.87
16384,4,tiled,0,128,6,27455.19
16384,4,tiled,0,128,7,23166.90
16384,4,tiled,0,128,8,22468.93
16384,4,tiled,0,128,9,24064.63
16384,4,tiled,0,128,10,28880.91
16384,4,tiled,0,128,11,23452.87
16384,4,tiled,0,128,12,22302.57
16384,4,tiled,0,128,13,22433.93
16384,4,tiled,0,128,14,21675.80
16384,4,tiled,0,128,15,26342.01
16384,4,tiled,0,128,16,22184.01
16384,4,tiled,0,128,17,21635.52
16384,4,tiled,0,128,18,22268.27
16384,4,tiled,0,128,19,25266.01
16384,4,tiled,0,128,20,24982.91
16384,4,tiled,0,128,21,25509.49
16384,4,tiled,0,128,22,30232.87
16384,4,tiled,0,128,23,23307.18
16384,4,tiled,0,128,24,22357.29
16384,4,tiled,0,128,25,32340.46
16384,4,tiled,0,128,26,25449.71
16384,4,tiled,0,128,27,32893.79
16384,4,tiled,0,128,28,22636.19
16384,4,tiled,0,128,29,25642.28
16384,4,tiled,0,128,30,29990.48
16384,4,tiled,0,128,31,28842.55
16384,4,tiled,0,128,32,29522.33
16384,4,tiled,0,128,33,24192.92
16384,4,tiled,0,128,34,28341.18
16384,4,tiled,0,128,35,18899.82
16384,4,tiled,0,128,36,18159.62
16384,4,tiled,0,128,37,19335.10
16384,4,tiled,0,128,38,17858.02
16384,4,tiled,0,128,39,18230.69
16384,4,tiled,0,128,40,18046.85
16384,4,tiled,0,128,41,18012.90
16384,4,tiled,0,128,42,17983.33
16384,4,tiled,0,128,43,17913.32
16384,4,tiled,0,128,44,20718.01
16384,3,blk_RR,256,0,0,29427.04
16384,3,blk_RR,256,0,1,31946.14
16384,3,blk_RR,256,0,2,27758.32
16384,3,blk_RR,256,0,3,35377.31
16384,3,blk_RR,256,0,4,29395.65
16384,3,blk_RR,256,0,5,28729.46
16384,3,blk_RR,256,0,6,29048.84
16384,3,blk_RR,256,0,7,33106.84
16384,3,blk_RR,256,0,8,31779.07
16384,3,blk_RR,256,0,9,29482.75
16384,3,blk_RR,256,0,10,28807.70
16384,3,blk_RR,256,0,11,26900.94
16384,3,blk_RR,256,0,12,27595.77
16384,3,blk_RR,256,0,13,27134.08
16384,3,blk_RR,256,0,14,30006.29
16384,3,blk_RR,256,0,15,29653.92
16384,3,blk_RR,256,0,16,28367.52
16384,3,blk_RR,256,0,17,27074.79
16384,3,blk_RR,256,0,18,28585.02
16384,3,blk_RR,256,0,19,29109.42
16384,3,blk_RR,256,0,20,28613.82
16384,3,blk_RR,256,0,21,27268.03
16384,3,blk_RR,256,0,22,26368.47
16384,3,blk_RR,256,0,23,30648.67
16384,3,blk_RR,256,0,24,26610.13
16384,3,blk_RR,256,0,25,28264.90
16384,3,blk_RR,256,0,26,31100.24
16384,3,blk_RR,256,0,27,32044.79
16384,3,blk_RR,256,0,28,27102.60
16384,3,blk_RR,256,0,29,28521.60
16384,3,blk_RR,256,0,30,26502.55
16384,3,blk_RR,256,0,31,27338.53
16384,3,blk_RR,256,0,32,29738.74
16384,3,blk_RR,256,0,33,26819.82
16384,3,blk_RR,256,0,34,26884.04
16384,3,blk_RR,256,0,35,28888.27
16384,3,blk_RR,256,0,36,30186.67
16384,3,blk_RR,256,0,37,28420.83
16384,3,blk_RR,256,0,38,26905.55
16384,3,blk_RR,256,0,39,29166.18
16384,3,blk_RR,256,0,40,31111.92
16384,3,blk_RR,256,0,41,30085.20
16384,3,blk_RR,256,0,42,26933.16
16384,3,blk_RR,256,0,43,26920.20
16384,3,blk_RR,256,0,44,32222.96
16384,3,blk_RC,256,0,0,25156.25
16384,3,blk_RC,256,0,1,24898.59
16384,3,blk_RC,256,0,2,24505.20
16384,3,blk_RC,256,0,3,24636.71
16384,3,blk_RC,256,0,4,24271.99
16384,3,blk_RC,256,0,5,25893.51
16384,3,blk_RC,256,0,6,29366.79
16384,3,blk_RC,256,0,7,25281.33
16384,3,blk_RC,256,0,8,24568.56
16384,3,blk_RC,256,0,9,24243.57
16384,3,blk_RC,256,0,10,24528.30
16384,3,blk_RC,256,0,11,24417.07
16384,3,blk_RC,256,0,12,25362.00
16384,3,blk_RC,256,0,13,25223.32
16384,3,blk_RC,256,0,14,26540.18
16384,3,blk_RC,256,0,15,26385.49
16384,3,blk_RC,256,0,16,25058.46
16384,3,blk_RC,256,0,17,25095.32
16384,3,blk_RC,256,0,18,28865.52
16384,3,blk_RC,256,0,19,69479.06
16384,3,blk_RC,256,0,20,25337.91
16384,3,blk_RC,256,0,21,24612.17
16384,3,blk_RC,256,0,22,24428.53
16384,3,blk_RC,256,0,23,24572.49
16384,3,blk_RC,256,0,24,52941.42
16384,3,blk_RC,256,0,25,48490.60
16384,3,blk_RC,256,0,26,24338.48
16384,3,blk_RC,256,0,27,24452.85
16384,3,blk_RC,256,0,28,24245.94
16384,3,blk_RC,256,0,29,24370.99
16384,3,blk_RC,256,0,30,24617.80
16384,3,blk_RC,256,0,31,24438.13
16384,3,blk_RC,256,0,32,24533.77
16384,3,blk_RC,256,0,33,24484.59
16384,3,blk_RC,256,0,34,24608.07
16384,3,blk_RC,256,0,35,24625.00
16384,3,blk_RC,256,0,36,24300.92
16384,3,blk_RC,256,0,37,24540.81
16384,3,blk_RC,256,0,38,24365.42
16384,3,blk_RC,256,0,39,24453.45
16384,3,blk_RC,256,0,40,24469.90
16384,3,blk_RC,256,0,41,24360.78
16384,3,blk_RC,256,0,42,24374.67
16384,3,blk_RC,256,0,43,24352.40
16384,3,blk_RC,256,0,44,24430.10
16384,3,blk_CR,256,0,0,24834.53
16384,3,blk_CR,256,0,1,24616.71
16384,3,blk_CR,256,0,2,24808.71
16384,3,blk_CR,256,0,3,24726.31
16384,3,blk_CR,256,0,4,25768.94
16384,3,blk_CR,256,0,5,24615.08
16384,3,blk_CR,256,0,6,24670.85
16384,3,blk_CR,256,0,7,24864.35
16384,3,blk_CR,256,0,8,24432.72
16384,3,blk_CR,256,0,9,24639.37
16384,3,blk_CR,256,0,10,24596.94
16384,3,blk_CR,256,0,11,25865.70
16384,3,blk_CR,256,0,12,24646.25
16384,3,blk_CR,256,0,13,24747.85
16384,3,blk_CR,256,0,14,24519.63
16384,3,blk_CR,256,0,15,24646.03
16384,3,blk_CR,256,0,16,24565.71
16384,3,blk_CR,256,0,17,25839.21
16384,3,blk_CR,256,0,18,24466.54
16384,3,blk_CR,256,0,19,24485.52
16384,3,blk_CR,256,0,20,24576.46
16384,3,blk_CR,256,0,21,26905.13
16384,3,blk_CR,256,0,22,24455.53
16384,3,blk_CR,256,0,23,24552.72
16384,3,blk_CR,256,0,24,24810.98
16384,3,blk_CR,256,0,25,24829.06
16384,3,blk_CR,256,0,26,24439.89
16384,3,blk_CR,256,0,27,24376.85
16384,3,blk_CR,256,0,28,24433.07
16384,3,blk_CR,256,0,29,24363.63
16384,3,blk_CR,256,0,30,25761.13
16384,3,blk_CR,256,0,31,24736.65
16384,3,blk_CR,256,0,32,24578.31
16384,3,blk_CR,256,0,33,24550.41
16384,3,blk_CR,256,0,34,24525.55
16384,3,blk_CR,256,0,35,24592.94
16384,3,blk_CR,256,0,36,24393.90
16384,3,blk_CR,256,0,37,28126.15
16384,3,blk_CR,256,0,38,26372.47
16384,3,blk_CR,256,0,39,24519.15
16384,3,blk_CR,256,0,40,24492.04
16384,3,blk_CR,256,0,41,24360.62
16384,3,blk_CR,256,0,42,24490.89
16384,3,blk_CR,256,0,43,25299.83
16384,3,blk_CR,256,0,44,24486.73
16384,3,blk_CC,256,0,0,24552.97
16384,3,blk_CC,256,0,1,24568.24
16384,3,blk_CC,256,0,2,24536.56
16384,3,blk_CC,256,0,3,24855.52
16384,3,blk_CC,256,0,4,25450.87
16384,3,blk_CC,256,0,5,24508.01
16384,3,blk_CC,256,0,6,25798.53
16384,3,blk_CC,256,0,7,24535.15
16384,3,blk_CC,256,0,8,24313.11
16384,3,blk_CC,256,0,9,24466.54
16384,3,blk_CC,256,0,10,24385.20
16384,3,blk_CC,256,0,11,25792.84
16384,3,blk_CC,256,0,12,24307.31
16384,3,blk_CC,256,0,13,24402.67
16384,3,blk_CC,256,0,14,24528.65
16384,3,blk_CC,256,0,15,25171.64
16384,3,blk_CC,256,0,16,24406.57
16384,3,blk_CC,256,0,17,24441.90
16384,3,blk_CC,256,0,18,26800.52
16384,3,blk_CC,256,0,19,24432.05
16384,3,blk_CC,256,0,20,24434.54
16384,3,blk_CC,256,0,21,24286.93
16384,3,blk_CC,256,0,22,24497.13
16384,3,blk_CC,256,0,23,24556.68
16384,3,blk_CC,256,0,24,24216.40
16384,3,blk_CC,256,0,25,24158.14
16384,3,blk_CC,256,0,26,24626.73
16384,3,blk_CC,256,0,27,24782.88
16384,3,blk_CC,256,0,28,24386.16
16384,3,blk_CC,256,0,29,24179.44
16384,3,blk_CC,256,0,30,24373.26
16384,3,blk_CC,256,0,31,24898.72
16384,3,blk_CC,256,0,32,24233.43
16384,3,blk_CC,256,0,33,24256.18
16384,3,blk_CC,256,0,34,24553.19
16384,3,blk_CC,256,0,35,24227.89
16384,3,blk_CC,256,0,36,24449.20
16384,3,blk_CC,256,0,37,24383.95
16384,3,blk_CC,256,0,38,24151.06
16384,3,blk_CC,256,0,39,24634.63
16384,3,blk_CC,256,0,40,25351.22
16384,3,blk_CC,256,0,41,24018.52
16384,3,blk_CC,256,0,42,24415.47
16384,3,blk_CC,256,0,43,24207.22
16384,3,blk_CC,256,0,44,24389.01
16384,4,tiled,0,256,0,20464.13
16384,4,tiled,0,256,1,20377.15
16384,4,tiled,0,256,2,20687.19
16384,4,tiled,0,256,3,20533.12
16384,4,tiled,0,256,4,20581.12
16384,4,tiled,0,256,5,25564.11
16384,4,tiled,0,256,6,20350.47
16384,4,tiled,0,256,7,20449.82
16384,4,tiled,0,256,8,20547.84
16384,4,tiled,0,256,9,20663.48
16384,4,tiled,0,256,10,20414.40
16384,4,tiled,0,256,11,20471.77
16384,4,tiled,0,256,12,20497.53
16384,4,tiled,0,256,13,20580.28
16384,4,tiled,0,256,14,20542.94
16384,4,tiled,0,256,15,20549.28
16384,4,tiled,0,256,16,20639.26
16384,4,tiled,0,256,17,20877.39
16384,4,tiled,0,256,18,20487.77
16384,4,tiled,0,256,19,20592.51
16384,4,tiled,0,256,20,20460.51
16384,4,tiled,0,256,21,20507.39
16384,4,tiled,0,256,22,20798.07
16384,4,tiled,0,256,23,20633.85
16384,4,tiled,0,256,24,20763.54
16384,4,tiled,0,256,25,19191.55
16384,4,tiled,0,256,26,19239.55
16384,4,tiled,0,256,27,18919.62
16384,4,tiled,0,256,28,19236.67
16384,4,tiled,0,256,29,19297.53
16384,4,tiled,0,256,30,18901.99
16384,4,tiled,0,256,31,19160.16
16384,4,tiled,0,256,32,18922.96
16384,4,tiled,0,256,33,19105.51
16384,4,tiled,0,256,34,18761.90
16384,4,tiled,0,256,35,19037.09
16384,4,tiled,0,256,36,19105.67
16384,4,tiled,0,256,37,18878.41
16384,4,tiled,0,256,38,19170.56
16384,4,tiled,0,256,39,19098.85
16384,4,tiled,0,256,40,19378.69
16384,4,tiled,0,256,41,19397.44
16384,4,tiled,0,256,42,19068.07
16384,4,tiled,0,256,43,18907.11
16384,4,tiled,0,256,44,19150.53
16384,3,blk_RR,512,0,0,31946.68
16384,3,blk_RR,512,0,1,32002.78
16384,3,blk_RR,512,0,2,31901.53
16384,3,blk_RR,512,0,3,32176.79
16384,3,blk_RR,512,0,4,32074.87
16384,3,blk_RR,512,0,5,32023.54
16384,3,blk_RR,512,0,6,32205.59
16384,3,blk_RR,512,0,7,32180.18
16384,3,blk_RR,512,0,8,32640.58
16384,3,blk_RR,512,0,9,32065.11
16384,3,blk_RR,512,0,10,32367.09
16384,3,blk_RR,512,0,11,32489.74
16384,3,blk_RR,512,0,12,32380.27
16384,3,blk_RR,512,0,13,32345.42
16384,3,blk_RR,512,0,14,32054.94
16384,3,blk_RR,512,0,15,32068.44
16384,3,blk_RR,512,0,16,31992.60
16384,3,blk_RR,512,0,17,33353.20
16384,3,blk_RR,512,0,18,32263.54
16384,3,blk_RR,512,0,19,33373.97
16384,3,blk_RR,512,0,20,39301.39
16384,3,blk_RR,512,0,21,54137.58
16384,3,blk_RR,512,0,22,31942.30
16384,3,blk_RR,512,0,23,32283.95
16384,3,blk_RR,512,0,24,32499.08
16384,3,blk_RR,512,0,25,34547.99
16384,3,blk_RR,512,0,26,31915.74
16384,3,blk_RR,512,0,27,32195.38
16384,3,blk_RR,512,0,28,32290.45
16384,3,blk_RR,512,0,29,32501.58
16384,3,blk_RR,512,0,30,31931.51
16384,3,blk_RR,512,0,31,34232.19
16384,3,blk_RR,512,0,32,34672.05
16384,3,blk_RR,512,0,33,32004.86
16384,3,blk_RR,512,0,34,32308.18
16384,3,blk_RR,512,0,35,32039.06
16384,3,blk_RR,512,0,36,32432.11
16384,3,blk_RR,512,0,37,32260.21
16384,3,blk_RR,512,0,38,32089.59
16384,3,blk_RR,512,0,39,32071.06
16384,3,blk_RR,512,0,40,32043.10
16384,3,blk_RR,512,0,41,32662.53
16384,3,blk_RR,512,0,42,33744.36
16384,3,blk_RR,512,0,43,32581.71
16384,3,blk_RR,512,0,44,32247.86
16384,3,blk_RC,512,0,0,32105.43
16384,3,blk_RC,512,0,1,32705.83
16384,3,blk_RC,512,0,2,31994.46
16384,3,blk_RC,512,0,3,32068.63
16384,3,blk_RC,512,0,4,33753.86
16384,3,blk_RC,512,0,5,32197.33
16384,3,blk_RC,512,0,6,32254.71
16384,3,blk_RC,512,0,7,31824.13
16384,3,blk_RC,512,0,8,33781.70
16384,3,blk_RC,512,0,9,32497.35
16384,3,blk_RC,512,0,10,31646.08
16384,3,blk_RC,512,0,11,31506.44
16384,3,blk_RC,512,0,12,31964.51
16384,3,blk_RC,512,0,13,32218.64
16384,3,blk_RC,512,0,14,32034.17
16384,3,blk_RC,512,0,15,31686.02
16384,3,blk_RC,512,0,16,32353.29
16384,3,blk_RC,512,0,17,31752.86
16384,3,blk_RC,512,0,18,31428.68
16384,3,blk_RC,512,0,19,32934.24
16384,3,blk_RC,512,0,20,31638.21
16384,3,blk_RC,512,0,21,32375.63
16384,3,blk_RC,512,0,22,31808.61
16384,3,blk_RC,512,0,23,33089.72
16384,3,blk_RC,512,0,24,31891.74
16384,3,blk_RC,512,0,25,31727.58
16384,3,blk_RC,512,0,26,33993.09
16384,3,blk_RC,512,0,27,31999.48
16384,3,blk_RC,512,0,28,31537.29
16384,3,blk_RC,512,0,29,31925.92
16384,3,blk_RC,512,0,30,34318.61
16384,3,blk_RC,512,0,31,31605.51
16384,3,blk_RC,512,0,32,31572.93
16384,3,blk_RC,512,0,33,31810.85
16384,3,blk_RC,512,0,34,32445.00
16384,3,blk_RC,512,0,35,31901.05
16384,3,blk_RC,512,0,36,32127.99
16384,3,blk_RC,512,0,37,32007.70
16384,3,blk_RC,512,0,38,32378.51
16384,3,blk_RC,512,0,39,32212.82
16384,3,blk_RC,512,0,40,32874.88
16384,3,blk_RC,512,0,41,32849.31
16384,3,blk_RC,512,0,42,32233.78
16384,3,blk_RC,512,0,43,33841.06
16384,3,blk_RC,512,0,44,32136.37
16384,3,blk_CR,512,0,0,32279.15
16384,3,blk_CR,512,0,1,32032.22
16384,3,blk_CR,512,0,2,34305.98
16384,3,blk_CR,512,0,3,32220.85
16384,3,blk_CR,512,0,4,32215.89
16384,3,blk_CR,512,0,5,32069.82
16384,3,blk_CR,512,0,6,32165.94
16384,3,blk_CR,512,0,7,32135.09
16384,3,blk_CR,512,0,8,31948.92
16384,3,blk_CR,512,0,9,32384.81
16384,3,blk_CR,512,0,10,32255.25
16384,3,blk_CR,512,0,11,31901.18
16384,3,blk_CR,512,0,12,31948.70
16384,3,blk_CR,512,0,13,31922.88
16384,3,blk_CR,512,0,14,32794.08
16384,3,blk_CR,512,0,15,31835.26
16384,3,blk_CR,512,0,16,31859.32
16384,3,blk_CR,512,0,17,32477.13
16384,3,blk_CR,512,0,18,31830.85
16384,3,blk_CR,512,0,19,32093.75
16384,3,blk_CR,512,0,20,32119.76
16384,3,blk_CR,512,0,21,33976.35
16384,3,blk_CR,512,0,22,32803.39
16384,3,blk_CR,512,0,23,31923.93
16384,3,blk_CR,512,0,24,33367.67
16384,3,blk_CR,512,0,25,32010.58
16384,3,blk_CR,512,0,26,32031.80
16384,3,blk_CR,512,0,27,32111.48
16384,3,blk_CR,512,0,28,34589.26
16384,3,blk_CR,512,0,29,32061.82
16384,3,blk_CR,512,0,30,32152.41
16384,3,blk_CR,512,0,31,34152.67
16384,3,blk_CR,512,0,32,32006.30
16384,3,blk_CR,512,0,33,31695.01
16384,3,blk_CR,512,0,34,32022.39
16384,3,blk_CR,512,0,35,32231.12
16384,3,blk_CR,512,0,36,32288.27
16384,3,blk_CR,512,0,37,31999.23
16384,3,blk_CR,512,0,38,32204.85
16384,3,blk_CR,512,0,39,32189.84
16384,3,blk_CR,512,0,40,32080.02
16384,3,blk_CR,512,0,41,32868.29
16384,3,blk_CR,512,0,42,32713.32
16384,3,blk_CR,512,0,43,32297.78
16384,3,blk_CR,512,0,44,32070.23
16384,3,blk_CC,512,0,0,31893.08
16384,3,blk_CC,512,0,1,31882.46
16384,3,blk_CC,512,0,2,31942.46
16384,3,blk_CC,512,0,3,33717.22
16384,3,blk_CC,512,0,4,31896.83
16384,3,blk_CC,512,0,5,32069.27
16384,3,blk_CC,512,0,6,32058.84
16384,3,blk_CC,512,0,7,31823.07
16384,3,blk_CC,512,0,8,79286.43
16384,3,blk_CC,512,0,9,32481.07
16384,3,blk_CC,512,0,10,32063.86
16384,3,blk_CC,512,0,11,31868.19
16384,3,blk_CC,512,0,12,31894.68
16384,3,blk_CC,512,0,13,31827.33
16384,3,blk_CC,512,0,14,32026.97
16384,3,blk_CC,512,0,15,31936.76
16384,3,blk_CC,512,0,16,32897.86
16384,3,blk_CC,512,0,17,32015.26
16384,3,blk_CC,512,0,18,32034.62
16384,3,blk_CC,512,0,19,31851.29
16384,3,blk_CC,512,0,20,32739.81
16384,3,blk_CC,512,0,21,31815.87
16384,3,blk_CC,512,0,22,32786.79
16384,3,blk_CC,512,0,23,31914.62
16384,3,blk_CC,512,0,24,32359.92
16384,3,blk_CC,512,0,25,31818.46
16384,3,blk_CC,512,0,26,31999.03
16384,3,blk_CC,512,0,27,32108.28
16384,3,blk_CC,512,0,28,32017.50
16384,3,blk_CC,512,0,29,31940.70
16384,3,blk_CC,512,0,30,31798.43
16384,3,blk_CC,512,0,31,32777.76
16384,3,blk_CC,512,0,32,31714.98
16384,3,blk_CC,512,0,33,31868.70
16384,3,blk_CC,512,0,34,31783.84
16384,3,blk_CC,512,0,35,32456.52
16384,3,blk_CC,512,0,36,32150.13
16384,3,blk_CC,512,0,37,31760.42
16384,3,blk_CC,512,0,38,31906.08
16384,3,blk_CC,512,0,39,32300.50
16384,3,blk_CC,512,0,40,31741.34
16384,3,blk_CC,512,0,41,31860.12
16384,3,blk_CC,512,0,42,31760.13
16384,3,blk_CC,512,0,43,31805.63
16384,3,blk_CC,512,0,44,31872.99
16384,4,tiled,0,512,0,20246.37
16384,4,tiled,0,512,1,18930.92
16384,4,tiled,0,512,2,19658.61
16384,4,tiled,0,512,3,19077.00
16384,4,tiled,0,512,4,20411.81
16384,4,tiled,0,512,5,20104.87
16384,4,tiled,0,512,6,20915.60
16384,4,tiled,0,512,7,20295.75
16384,4,tiled,0,512,8,18570.29
16384,4,tiled,0,512,9,20719.67
16384,4,tiled,0,512,10,18686.22
16384,4,tiled,0,512,11,21238.44
16384,4,tiled,0,512,12,21136.49
16384,4,tiled,0,512,13,18508.76
16384,4,tiled,0,512,14,18534.01
16384,4,tiled,0,512,15,18686.39
16384,4,tiled,0,512,16,18761.36
16384,4,tiled,0,512,17,18622.23
16384,4,tiled,0,512,18,22110.54
16384,4,tiled,0,512,19,18783.34
16384,4,tiled,0,512,20,18684.11
16384,4,tiled,0,512,21,18795.73
16384,4,tiled,0,512,22,18703.54
16384,4,tiled,0,512,23,18696.75
16384,4,tiled,0,512,24,18766.93
16384,4,tiled,0,512,25,18649.97
16384,4,tiled,0,512,26,18858.51
16384,4,tiled,0,512,27,18828.81
16384,4,tiled,0,512,28,18837.55
16384,4,tiled,0,512,29,18772.88
16384,4,tiled,0,512,30,18727.76
16384,4,tiled,0,512,31,18599.95
16384,4,tiled,0,512,32,20046.06
16384,4,tiled,0,512,33,18705.71
16384,4,tiled,0,512,34,18696.85
16384,4,tiled,0,512,35,18819.12
16384,4,tiled,0,512,36,21891.99
16384,4,tiled,0,512,37,19738.13
16384,4,tiled,0,512,38,18902.76
16384,4,tiled,0,512,39,18791.82
16384,4,tiled,0,512,40,18826.64
16384,4,tiled,0,512,41,19325.34
16384,4,tiled,0,512,42,42538.13
16384,4,tiled,0,512,43,35530.55
16384,4,tiled,0,512,44,18740.43
