n,m,mode,variant,bi,bj,bk,ti,tj,tk,run,time_us
8192,8192,5,openblas,0,0,0,0,0,0,0,803975.42
8192,8192,5,openblas,0,0,0,0,0,0,1,780630.77
8192,8192,5,openblas,0,0,0,0,0,0,2,768466.03
8192,8192,5,openblas,0,0,0,0,0,0,3,745197.67
8192,8192,5,openblas,0,0,0,0,0,0,4,725675.01
8192,8192,5,openblas,0,0,0,0,0,0,5,755137.36
8192,8192,5,openblas,0,0,0,0,0,0,6,712606.24
8192,8192,5,openblas,0,0,0,0,0,0,7,721024.08
8192,8192,5,openblas,0,0,0,0,0,0,8,697736.43
8192,8192,5,openblas,0,0,0,0,0,0,9,715652.54
8192,8192,5,openblas,0,0,0,0,0,0,10,672510.71
8192,8192,5,openblas,0,0,0,0,0,0,11,668793.07
8192,8192,5,openblas,0,0,0,0,0,0,12,670097.70
8192,8192,5,openblas,0,0,0,0,0,0,13,678249.86
8192,8192,5,openblas,0,0,0,0,0,0,14,668339.45
8192,8192,5,openblas,0,0,0,0,0,0,15,665022.31
8192,8192,5,openblas,0,0,0,0,0,0,16,652627.69
8192,8192,5,openblas,0,0,0,0,0,0,17,723494.60
8192,8192,5,openblas,0,0,0,0,0,0,18,724158.74
8192,8192,5,openblas,0,0,0,0,0,0,19,733685.20
8192,8192,5,openblas,0,0,0,0,0,0,20,738742.54
8192,8192,5,openblas,0,0,0,0,0,0,21,735668.53
8192,8192,5,openblas,0,0,0,0,0,0,22,739110.95
8192,8192,5,openblas,0,0,0,0,0,0,23,748090.28
8192,8192,5,openblas,0,0,0,0,0,0,24,763182.71
8192,8192,5,openblas,0,0,0,0,0,0,25,748422.75
8192,8192,5,openblas,0,0,0,0,0,0,26,769603.98
8192,8192,5,openblas,0,0,0,0,0,0,27,808549.58
8192,8192,5,openblas,0,0,0,0,0,0,28,786712.44
8192,8192,5,openblas,0,0,0,0,0,0,29,788977.88
8192,8192,5,openblas,0,0,0,0,0,0,30,773876.14
8192,8192,5,openblas,0,0,0,0,0,0,31,768989.89
8192,8192,5,openblas,0,0,0,0,0,0,32,817362.94
8192,8192,5,openblas,0,0,0,0,0,0,33,814144.10
8192,8192,5,openblas,0,0,0,0,0,0,34,780316.10
8192,8192,5,openblas,0,0,0,0,0,0,35,811354.11
8192,8192,5,openblas,0,0,0,0,0,0,36,782839.67
8192,8192,5,openblas,0,0,0,0,0,0,37,772962.60
8192,8192,5,openblas,0,0,0,0,0,0,38,738757.74
8192,8192,5,openblas,0,0,0,0,0,0,39,722670.31
8192,8192,5,openblas,0,0,0,0,0,0,40,727965.18
8192,8192,5,openblas,0,0,0,0,0,0,41,758910.78
8192,8192,5,openblas,0,0,0,0,0,0,42,730818.05
8192,8192,5,openblas,0,0,0,0,0,0,43,768660.07
8192,8192,5,openblas,0,0,0,0,0,0,44,778067.81
4096,4096,5,openblas,0,0,0,0,0,0,0,74550.22
4096,4096,5,openblas,0,0,0,0,0,0,1,74569.36
4096,4096,5,openblas,0,0,0,0,0,0,2,74467.31
4096,4096,5,openblas,0,0,0,0,0,0,3,75032.32
4096,4096,5,openblas,0,0,0,0,0,0,4,104311.80
4096,4096,5,openblas,0,0,0,0,0,0,5,102173.79
4096,4096,5,openblas,0,0,0,0,0,0,6,102227.33
4096,4096,5,openblas,0,0,0,0,0,0,7,102992.87
4096,4096,1,RRR,0,0,0,0,0,0,0,27291774.75
4096,4096,1,RRR,0,0,0,0,0,0,1,27328049.91
4096,4096,1,RRR,0,0,0,0,0,0,2,27457659.10
4096,4096,1,RRR,0,0,0,0,0,0,3,27369559.77
4096,4096,1,RRR,0,0,0,0,0,0,4,27383455.66
4096,4096,1,RRR,0,0,0,0,0,0,5,27390817.85
4096,4096,1,RRR,0,0,0,0,0,0,6,27426889.03
4096,4096,1,RRR,0,0,0,0,0,0,7,27374200.28
4096,4096,1,RRC,0,0,0,0,0,0,0,26935149.68
4096,4096,1,RRC,0,0,0,0,0,0,1,26843450.67
4096,4096,1,RRC,0,0,0,0,0,0,2,26800080.94
4096,4096,1,RRC,0,0,0,0,0,0,3,26861872.58
4096,4096,1,RRC,0,0,0,0,0,0,4,26924194.28
4096,4096,1,RRC,0,0,0,0,0,0,5,26920700.63
4096,4096,1,RRC,0,0,0,0,0,0,6,26821822.84
4096,4096,1,RRC,0,0,0,0,0,0,7,26813760.52
4096,4096,1,RCR,0,0,0,0,0,0,0,87238369.17
4096,4096,1,RCR,0,0,0,0,0,0,1,87298750.87
4096,4096,1,RCR,0,0,0,0,0,0,2,87372125.86
4096,4096,1,RCR,0,0,0,0,0,0,3,87269767.13
4096,4096,1,RCR,0,0,0,0,0,0,4,87176706.98
4096,4096,1,RCR,0,0,0,0,0,0,5,87384160.72
4096,4096,1,RCR,0,0,0,0,0,0,6,87227733.23
4096,4096,1,RCR,0,0,0,0,0,0,7,173358465.61
4096,4096,1,RCC,0,0,0,0,0,0,0,105200179.68
4096,4096,1,RCC,0,0,0,0,0,0,1,105031783.95
4096,4096,1,RCC,0,0,0,0,0,0,2,105229142.00
4096,4096,1,RCC,0,0,0,0,0,0,3,105231363.98
4096,4096,1,RCC,0,0,0,0,0,0,4,105461273.14
4096,4096,1,RCC,0,0,0,0,0,0,5,105615568.32
4096,4096,1,RCC,0,0,0,0,0,0,6,105153083.23
4096,4096,1,RCC,0,0,0,0,0,0,7,105087338.48
4096,4096,1,CRR,0,0,0,0,0,0,0,85851815.72
4096,4096,1,CRR,0,0,0,0,0,0,1,86185221.62
4096,4096,1,CRR,0,0,0,0,0,0,2,92428909.13
4096,4096,1,CRR,0,0,0,0,0,0,3,164017835.71
4096,4096,1,CRR,0,0,0,0,0,0,4,164549715.74
4096,4096,1,CRR,0,0,0,0,0,0,5,164708933.46
4096,4096,1,CRR,0,0,0,0,0,0,6,168792870.25
4096,4096,1,CRR,0,0,0,0,0,0,7,168942212.38
4096,4096,1,CRC,0,0,0,0,0,0,0,106495932.55
4096,4096,1,CRC,0,0,0,0,0,0,1,106456282.86
4096,4096,1,CRC,0,0,0,0,0,0,2,106456047.83
4096,4096,1,CRC,0,0,0,0,0,0,3,106503954.00
4096,4096,1,CRC,0,0,0,0,0,0,4,106407956.98
4096,4096,1,CRC,0,0,0,0,0,0,5,106330974.59
4096,4096,1,CRC,0,0,0,0,0,0,6,103825929.13
4096,4096,1,CRC,0,0,0,0,0,0,7,103402949.49
4096,4096,1,CCR,0,0,0,0,0,0,0,23978205.35
4096,4096,1,CCR,0,0,0,0,0,0,1,23958873.25
4096,4096,1,CCR,0,0,0,0,0,0,2,23920991.47
4096,4096,1,CCR,0,0,0,0,0,0,3,23933977.68
4096,4096,1,CCR,0,0,0,0,0,0,4,23936227.68
4096,4096,1,CCR,0,0,0,0,0,0,5,24373464.83
4096,4096,1,CCR,0,0,0,0,0,0,6,24578711.03
4096,4096,1,CCR,0,0,0,0,0,0,7,24648544.78
4096,4096,1,CCC,0,0,0,0,0,0,0,67256208.08
4096,4096,1,CCC,0,0,0,0,0,0,1,65746341.79
4096,4096,1,CCC,0,0,0,0,0,0,2,65723877.10
4096,4096,1,CCC,0,0,0,0,0,0,3,68564760.76
4096,4096,1,CCC,0,0,0,0,0,0,4,66931749.11
4096,4096,1,CCC,0,0,0,0,0,0,5,66659591.64
4096,4096,1,CCC,0,0,0,0,0,0,6,66534007.76
4096,4096,1,CCC,0,0,0,0,0,0,7,67090743.18
4096,4096,2,ikj,0,0,0,0,0,0,0,2500319.32
4096,4096,2,ikj,0,0,0,0,0,0,1,2732279.36
4096,4096,2,ikj,0,0,0,0,0,0,2,2614860.38
4096,4096,2,ikj,0,0,0,0,0,0,3,2592737.80
4096,4096,2,ikj,0,0,0,0,0,0,4,2744251.71
4096,4096,2,ikj,0,0,0,0,0,0,5,2580038.35
4096,4096,2,ikj,0,0,0,0,0,0,6,2458806.54
4096,4096,2,ikj,0,0,0,0,0,0,7,2589807.05
4096,4096,2,ijk,0,0,0,0,0,0,0,449792.46
4096,4096,2,ijk,0,0,0,0,0,0,1,461878.29
4096,4096,2,ijk,0,0,0,0,0,0,2,462580.22
4096,4096,2,ijk,0,0,0,0,0,0,3,479095.93
4096,4096,2,ijk,0,0,0,0,0,0,4,465250.25
4096,4096,2,ijk,0,0,0,0,0,0,5,453801.38
4096,4096,2,ijk,0,0,0,0,0,0,6,481684.45
4096,4096,2,ijk,0,0,0,0,0,0,7,467579.32
4096,4096,2,kij,0,0,0,0,0,0,0,2239693.62
4096,4096,2,kij,0,0,0,0,0,0,1,2358571.95
4096,4096,2,kij,0,0,0,0,0,0,2,2225340.82
4096,4096,2,kij,0,0,0,0,0,0,3,2242810.29
4096,4096,2,kij,0,0,0,0,0,0,4,2232880.25
4096,4096,2,kij,0,0,0,0,0,0,5,2256362.57
4096,4096,2,kij,0,0,0,0,0,0,6,2342446.79
4096,4096,2,kij,0,0,0,0,0,0,7,2249862.56
4096,4096,2,kji,0,0,0,0,0,0,0,5376119.45
4096,4096,2,kji,0,0,0,0,0,0,1,5338495.51
4096,4096,2,kji,0,0,0,0,0,0,2,5403100.93
4096,4096,2,kji,0,0,0,0,0,0,3,5285869.90
4096,4096,2,kji,0,0,0,0,0,0,4,5419461.19
4096,4096,2,kji,0,0,0,0,0,0,5,5305622.59
4096,4096,2,kji,0,0,0,0,0,0,6,5454913.78
4096,4096,2,kji,0,0,0,0,0,0,7,5468346.68
4096,4096,2,jik,0,0,0,0,0,0,0,490747.21
4096,4096,2,jik,0,0,0,0,0,0,1,487552.46
4096,4096,2,jik,0,0,0,0,0,0,2,502543.81
4096,4096,2,jik,0,0,0,0,0,0,3,490023.81
4096,4096,2,jik,0,0,0,0,0,0,4,485967.43
4096,4096,2,jik,0,0,0,0,0,0,5,477276.74
4096,4096,2,jik,0,0,0,0,0,0,6,493435.57
4096,4096,2,jik,0,0,0,0,0,0,7,507142.73
4096,4096,2,jki,0,0,0,0,0,0,0,3261045.04
4096,4096,2,jki,0,0,0,0,0,0,1,3223517.01
4096,4096,2,jki,0,0,0,0,0,0,2,3320006.45
4096,4096,2,jki,0,0,0,0,0,0,3,3197135.83
4096,4096,2,jki,0,0,0,0,0,0,4,3211794.68
4096,4096,2,jki,0,0,0,0,0,0,5,3218680.46
4096,4096,2,jki,0,0,0,0,0,0,6,3130521.56
4096,4096,2,jki,0,0,0,0,0,0,7,3175702.36
4096,4096,3,blocked,32,32,32,0,0,0,0,339529.32
4096,4096,3,blocked,32,32,32,0,0,0,1,342853.68
4096,4096,3,blocked,32,32,32,0,0,0,2,337894.27
4096,4096,3,blocked,32,32,32,0,0,0,3,342094.35
4096,4096,3,blocked,32,32,32,0,0,0,4,338253.36
4096,4096,3,blocked,32,32,32,0,0,0,5,340119.12
4096,4096,3,blocked,32,32,32,0,0,0,6,338813.57
4096,4096,3,blocked,32,32,32,0,0,0,7,337060.03
4096,4096,4,tiled,0,0,0,32,32,32,0,684104.22
4096,4096,4,tiled,0,0,0,32,32,32,1,683789.26
4096,4096,4,tiled,0,0,0,32,32,32,2,684197.88
4096,4096,4,tiled,0,0,0,32,32,32,3,683894.53
4096,4096,4,tiled,0,0,0,32,32,32,4,683851.24
4096,4096,4,tiled,0,0,0,32,32,32,5,684102.36
4096,4096,4,tiled,0,0,0,32,32,32,6,684040.41
4096,4096,4,tiled,0,0,0,32,32,32,7,684198.07
4096,4096,3,blocked,32,32,64,0,0,0,0,429438.21
4096,4096,3,blocked,32,32,64,0,0,0,1,409473.10
4096,4096,3,blocked,32,32,64,0,0,0,2,425853.69
4096,4096,3,blocked,32,32,64,0,0,0,3,420310.86
4096,4096,3,blocked,32,32,64,0,0,0,4,415406.73
4096,4096,3,blocked,32,32,64,0,0,0,5,422834.88
4096,4096,3,blocked,32,32,64,0,0,0,6,439516.86
4096,4096,3,blocked,32,32,64,0,0,0,7,427812.70
4096,4096,4,tiled,0,0,0,32,32,64,0,697102.01
4096,4096,4,tiled,0,0,0,32,32,64,1,696939.63
4096,4096,4,tiled,0,0,0,32,32,64,2,696756.40
4096,4096,4,tiled,0,0,0,32,32,64,3,696326.46
4096,4096,4,tiled,0,0,0,32,32,64,4,697684.02
4096,4096,4,tiled,0,0,0,32,32,64,5,697622.39
4096,4096,4,tiled,0,0,0,32,32,64,6,700900.78
4096,4096,4,tiled,0,0,0,32,32,64,7,697527.26
4096,4096,3,blocked,32,32,128,0,0,0,0,476223.01
4096,4096,3,blocked,32,32,128,0,0,0,1,448588.72
4096,4096,3,blocked,32,32,128,0,0,0,2,421118.19
4096,4096,3,blocked,32,32,128,0,0,0,3,468015.21
4096,4096,3,blocked,32,32,128,0,0,0,4,463174.18
4096,4096,3,blocked,32,32,128,0,0,0,5,464330.01
4096,4096,3,blocked,32,32,128,0,0,0,6,437882.69
4096,4096,3,blocked,32,32,128,0,0,0,7,500411.27
4096,4096,4,tiled,0,0,0,32,32,128,0,682372.57
4096,4096,4,tiled,0,0,0,32,32,128,1,682677.90
4096,4096,4,tiled,0,0,0,32,32,128,2,682140.61
4096,4096,4,tiled,0,0,0,32,32,128,3,681966.28
4096,4096,4,tiled,0,0,0,32,32,128,4,682002.79
4096,4096,4,tiled,0,0,0,32,32,128,5,685738.83
4096,4096,4,tiled,0,0,0,32,32,128,6,682263.36
4096,4096,4,tiled,0,0,0,32,32,128,7,682004.93
4096,4096,3,blocked,32,32,256,0,0,0,0,860837.29
4096,4096,3,blocked,32,32,256,0,0,0,1,1086456.52
4096,4096,3,blocked,32,32,256,0,0,0,2,1234272.19
4096,4096,3,blocked,32,32,256,0,0,0,3,765658.83
4096,4096,3,blocked,32,32,256,0,0,0,4,711269.74
4096,4096,3,blocked,32,32,256,0,0,0,5,1156523.83
4096,4096,3,blocked,32,32,256,0,0,0,6,951997.97
4096,4096,3,blocked,32,32,256,0,0,0,7,928348.04
4096,4096,4,tiled,0,0,0,32,32,256,0,689015.30
4096,4096,4,tiled,0,0,0,32,32,256,1,688521.10
4096,4096,4,tiled,0,0,0,32,32,256,2,688074.52
4096,4096,4,tiled,0,0,0,32,32,256,3,688464.40
4096,4096,4,tiled,0,0,0,32,32,256,4,688240.44
4096,4096,4,tiled,0,0,0,32,32,256,5,688583.15
4096,4096,4,tiled,0,0,0,32,32,256,6,690138.27
4096,4096,4,tiled,0,0,0,32,32,256,7,689580.20
4096,4096,3,blocked,32,64,32,0,0,0,0,439150.93
4096,4096,3,blocked,32,64,32,0,0,0,1,448281.86
4096,4096,3,blocked,32,64,32,0,0,0,2,403633.44
4096,4096,3,blocked,32,64,32,0,0,0,3,434609.86
4096,4096,3,blocked,32,64,32,0,0,0,4,418748.11
4096,4096,3,blocked,32,64,32,0,0,0,5,438635.81
4096,4096,3,blocked,32,64,32,0,0,0,6,421530.61
4096,4096,3,blocked,32,64,32,0,0,0,7,399663.90
4096,4096,4,tiled,0,0,0,32,64,32,0,663885.48
4096,4096,4,tiled,0,0,0,32,64,32,1,664234.62
4096,4096,4,tiled,0,0,0,32,64,32,2,663943.83
4096,4096,4,tiled,0,0,0,32,64,32,3,664171.36
4096,4096,4,tiled,0,0,0,32,64,32,4,664192.00
4096,4096,4,tiled,0,0,0,32,64,32,5,664260.55
4096,4096,4,tiled,0,0,0,32,64,32,6,663896.17
4096,4096,4,tiled,0,0,0,32,64,32,7,664424.35
4096,4096,3,blocked,32,64,64,0,0,0,0,510219.19
4096,4096,3,blocked,32,64,64,0,0,0,1,510648.04
4096,4096,3,blocked,32,64,64,0,0,0,2,491927.71
4096,4096,3,blocked,32,64,64,0,0,0,3,479114.92
4096,4096,3,blocked,32,64,64,0,0,0,4,490692.58
4096,4096,3,blocked,32,64,64,0,0,0,5,503697.01
4096,4096,3,blocked,32,64,64,0,0,0,6,533512.33
4096,4096,3,blocked,32,64,64,0,0,0,7,470781.89
4096,4096,4,tiled,0,0,0,32,64,64,0,671910.53
4096,4096,4,tiled,0,0,0,32,64,64,1,671045.15
4096,4096,4,tiled,0,0,0,32,64,64,2,671874.76
4096,4096,4,tiled,0,0,0,32,64,64,3,671672.59
4096,4096,4,tiled,0,0,0,32,64,64,4,671125.37
4096,4096,4,tiled,0,0,0,32,64,64,5,675123.32
4096,4096,4,tiled,0,0,0,32,64,64,6,672192.15
4096,4096,4,tiled,0,0,0,32,64,64,7,671428.37
4096,4096,3,blocked,32,64,128,0,0,0,0,566286.17
4096,4096,3,blocked,32,64,128,0,0,0,1,578163.08
4096,4096,3,blocked,32,64,128,0,0,0,2,663084.78
4096,4096,3,blocked,32,64,128,0,0,0,3,1015610.43
4096,4096,3,blocked,32,64,128,0,0,0,4,599116.56
4096,4096,3,blocked,32,64,128,0,0,0,5,699605.09
4096,4096,3,blocked,32,64,128,0,0,0,6,632717.73
4096,4096,3,blocked,32,64,128,0,0,0,7,1377581.98
4096,4096,4,tiled,0,0,0,32,64,128,0,664427.39
4096,4096,4,tiled,0,0,0,32,64,128,1,664773.56
4096,4096,4,tiled,0,0,0,32,64,128,2,662102.49
4096,4096,4,tiled,0,0,0,32,64,128,3,663650.15
4096,4096,4,tiled,0,0,0,32,64,128,4,665115.99
4096,4096,4,tiled,0,0,0,32,64,128,5,665342.07
4096,4096,4,tiled,0,0,0,32,64,128,6,662740.52
4096,4096,4,tiled,0,0,0,32,64,128,7,664536.75
4096,4096,3,blocked,32,64,256,0,0,0,0,2835242.48
4096,4096,3,blocked,32,64,256,0,0,0,1,3270119.13
4096,4096,3,blocked,32,64,256,0,0,0,2,2784283.23
4096,4096,3,blocked,32,64,256,0,0,0,3,2488835.87
4096,4096,3,blocked,32,64,256,0,0,0,4,2875656.11
4096,4096,3,blocked,32,64,256,0,0,0,5,830433.55
4096,4096,3,blocked,32,64,256,0,0,0,6,3354399.97
4096,4096,3,blocked,32,64,256,0,0,0,7,926079.47
4096,4096,4,tiled,0,0,0,32,64,256,0,654918.64
4096,4096,4,tiled,0,0,0,32,64,256,1,654064.68
4096,4096,4,tiled,0,0,0,32,64,256,2,655110.83
4096,4096,4,tiled,0,0,0,32,64,256,3,654072.49
4096,4096,4,tiled,0,0,0,32,64,256,4,654526.59
4096,4096,4,tiled,0,0,0,32,64,256,5,653953.23
4096,4096,4,tiled,0,0,0,32,64,256,6,653802.67
4096,4096,4,tiled,0,0,0,32,64,256,7,653663.10
4096,4096,3,blocked,32,128,32,0,0,0,0,783941.59
4096,4096,3,blocked,32,128,32,0,0,0,1,712994.07
4096,4096,3,blocked,32,128,32,0,0,0,2,690596.53
4096,4096,3,blocked,32,128,32,0,0,0,3,760672.08
4096,4096,3,blocked,32,128,32,0,0,0,4,782774.46
4096,4096,3,blocked,32,128,32,0,0,0,5,714675.88
4096,4096,3,blocked,32,128,32,0,0,0,6,748948.71
4096,4096,3,blocked,32,128,32,0,0,0,7,720996.69
4096,4096,4,tiled,0,0,0,32,128,32,0,668144.83
4096,4096,4,tiled,0,0,0,32,128,32,1,668584.65
4096,4096,4,tiled,0,0,0,32,128,32,2,668928.48
4096,4096,4,tiled,0,0,0,32,128,32,3,668153.37
4096,4096,4,tiled,0,0,0,32,128,32,4,668504.05
4096,4096,4,tiled,0,0,0,32,128,32,5,668246.04
4096,4096,4,tiled,0,0,0,32,128,32,6,668560.27
4096,4096,4,tiled,0,0,0,32,128,32,7,667938.82
4096,4096,3,blocked,32,128,64,0,0,0,0,736193.31
4096,4096,3,blocked,32,128,64,0,0,0,1,661306.58
4096,4096,3,blocked,32,128,64,0,0,0,2,704620.40
4096,4096,3,blocked,32,128,64,0,0,0,3,818388.94
4096,4096,3,blocked,32,128,64,0,0,0,4,1624425.95
4096,4096,3,blocked,32,128,64,0,0,0,5,640792.41
4096,4096,3,blocked,32,128,64,0,0,0,6,989764.24
4096,4096,3,blocked,32,128,64,0,0,0,7,760169.85
4096,4096,4,tiled,0,0,0,32,128,64,0,667456.87
4096,4096,4,tiled,0,0,0,32,128,64,1,665961.24
4096,4096,4,tiled,0,0,0,32,128,64,2,666442.50
4096,4096,4,tiled,0,0,0,32,128,64,3,666145.81
4096,4096,4,tiled,0,0,0,32,128,64,4,664911.22
4096,4096,4,tiled,0,0,0,32,128,64,5,665814.81
4096,4096,4,tiled,0,0,0,32,128,64,6,666125.87
4096,4096,4,tiled,0,0,0,32,128,64,7,665971.51
4096,4096,3,blocked,32,128,128,0,0,0,0,3224206.97
4096,4096,3,blocked,32,128,128,0,0,0,1,2788641.70
4096,4096,3,blocked,32,128,128,0,0,0,2,2753633.41
4096,4096,3,blocked,32,128,128,0,0,0,3,3021413.52
4096,4096,3,blocked,32,128,128,0,0,0,4,4544171.71
4096,4096,3,blocked,32,128,128,0,0,0,5,4024630.89
4096,4096,3,blocked,32,128,128,0,0,0,6,3697383.18
4096,4096,3,blocked,32,128,128,0,0,0,7,3057430.20
4096,4096,4,tiled,0,0,0,32,128,128,0,655359.67
4096,4096,4,tiled,0,0,0,32,128,128,1,655454.29
4096,4096,4,tiled,0,0,0,32,128,128,2,654185.60
4096,4096,4,tiled,0,0,0,32,128,128,3,654700.94
4096,4096,4,tiled,0,0,0,32,128,128,4,654387.07
4096,4096,4,tiled,0,0,0,32,128,128,5,654000.55
4096,4096,4,tiled,0,0,0,32,128,128,6,653319.68
4096,4096,4,tiled,0,0,0,32,128,128,7,652812.40
4096,4096,3,blocked,32,128,256,0,0,0,0,1890152.71
4096,4096,3,blocked,32,128,256,0,0,0,1,3873478.66
4096,4096,3,blocked,32,128,256,0,0,0,2,2776736.80
4096,4096,3,blocked,32,128,256,0,0,0,3,2236678.98
4096,4096,3,blocked,32,128,256,0,0,0,4,3181240.57
4096,4096,3,blocked,32,128,256,0,0,0,5,3039441.05
4096,4096,3,blocked,32,128,256,0,0,0,6,4210897.62
4096,4096,3,blocked,32,128,256,0,0,0,7,3278258.65
4096,4096,4,tiled,0,0,0,32,128,256,0,672011.45
4096,4096,4,tiled,0,0,0,32,128,256,1,672639.40
4096,4096,4,tiled,0,0,0,32,128,256,2,672301.46
4096,4096,4,tiled,0,0,0,32,128,256,3,673208.15
4096,4096,4,tiled,0,0,0,32,128,256,4,672717.54
4096,4096,4,tiled,0,0,0,32,128,256,5,672425.01
4096,4096,4,tiled,0,0,0,32,128,256,6,673174.07
4096,4096,4,tiled,0,0,0,32,128,256,7,673694.95
4096,4096,3,blocked,32,256,32,0,0,0,0,661139.59
4096,4096,3,blocked,32,256,32,0,0,0,1,652650.41
4096,4096,3,blocked,32,256,32,0,0,0,2,633414.43
4096,4096,3,blocked,32,256,32,0,0,0,3,754069.97
4096,4096,3,blocked,32,256,32,0,0,0,4,627423.81
4096,4096,3,blocked,32,256,32,0,0,0,5,690144.18
4096,4096,3,blocked,32,256,32,0,0,0,6,904601.58
4096,4096,3,blocked,32,256,32,0,0,0,7,672033.43
4096,4096,4,tiled,0,0,0,32,256,32,0,656347.25
4096,4096,4,tiled,0,0,0,32,256,32,1,698649.27
4096,4096,4,tiled,0,0,0,32,256,32,2,656929.37
4096,4096,4,tiled,0,0,0,32,256,32,3,656899.84
4096,4096,4,tiled,0,0,0,32,256,32,4,657245.74
4096,4096,4,tiled,0,0,0,32,256,32,5,654952.54
4096,4096,4,tiled,0,0,0,32,256,32,6,656339.82
4096,4096,4,tiled,0,0,0,32,256,32,7,658563.59
4096,4096,3,blocked,32,256,64,0,0,0,0,1112886.89
4096,4096,3,blocked,32,256,64,0,0,0,1,1197449.50
4096,4096,3,blocked,32,256,64,0,0,0,2,868878.90
4096,4096,3,blocked,32,256,64,0,0,0,3,1850721.72
4096,4096,3,blocked,32,256,64,0,0,0,4,1413602.88
4096,4096,3,blocked,32,256,64,0,0,0,5,2409899.75
4096,4096,3,blocked,32,256,64,0,0,0,6,990136.58
4096,4096,3,blocked,32,256,64,0,0,0,7,1407483.75
4096,4096,4,tiled,0,0,0,32,256,64,0,658962.89
4096,4096,4,tiled,0,0,0,32,256,64,1,657435.42
4096,4096,4,tiled,0,0,0,32,256,64,2,657110.89
4096,4096,4,tiled,0,0,0,32,256,64,3,658205.80
4096,4096,4,tiled,0,0,0,32,256,64,4,657510.97
4096,4096,4,tiled,0,0,0,32,256,64,5,657596.76
4096,4096,4,tiled,0,0,0,32,256,64,6,657299.78
4096,4096,4,tiled,0,0,0,32,256,64,7,657022.99
4096,4096,3,blocked,32,256,128,0,0,0,0,1945907.31
4096,4096,3,blocked,32,256,128,0,0,0,1,2070942.72
4096,4096,3,blocked,32,256,128,0,0,0,2,1767169.35
4096,4096,3,blocked,32,256,128,0,0,0,3,1274869.84
4096,4096,3,blocked,32,256,128,0,0,0,4,1111886.85
4096,4096,3,blocked,32,256,128,0,0,0,5,2089176.59
4096,4096,3,blocked,32,256,128,0,0,0,6,1366739.76
4096,4096,3,blocked,32,256,128,0,0,0,7,1692224.42
4096,4096,4,tiled,0,0,0,32,256,128,0,694374.85
4096,4096,4,tiled,0,0,0,32,256,128,1,691296.59
4096,4096,4,tiled,0,0,0,32,256,128,2,688344.69
4096,4096,4,tiled,0,0,0,32,256,128,3,694651.45
4096,4096,4,tiled,0,0,0,32,256,128,4,692956.02
4096,4096,4,tiled,0,0,0,32,256,128,5,690990.07
4096,4096,4,tiled,0,0,0,32,256,128,6,694109.48
4096,4096,4,tiled,0,0,0,32,256,128,7,689828.00
4096,4096,3,blocked,32,256,256,0,0,0,0,2074462.92
4096,4096,3,blocked,32,256,256,0,0,0,1,2158086.54
4096,4096,3,blocked,32,256,256,0,0,0,2,1930995.48
4096,4096,3,blocked,32,256,256,0,0,0,3,2117175.04
4096,4096,3,blocked,32,256,256,0,0,0,4,2124721.35
4096,4096,3,blocked,32,256,256,0,0,0,5,2286202.97
4096,4096,3,blocked,32,256,256,0,0,0,6,2441403.61
4096,4096,3,blocked,32,256,256,0,0,0,7,2305040.58
4096,4096,4,tiled,0,0,0,32,256,256,0,753032.39
4096,4096,4,tiled,0,0,0,32,256,256,1,753095.24
4096,4096,4,tiled,0,0,0,32,256,256,2,753204.61
4096,4096,4,tiled,0,0,0,32,256,256,3,752729.33
4096,4096,4,tiled,0,0,0,32,256,256,4,752158.63
4096,4096,4,tiled,0,0,0,32,256,256,5,753017.68
4096,4096,4,tiled,0,0,0,32,256,256,6,752354.30
4096,4096,4,tiled,0,0,0,32,256,256,7,772403.61
4096,4096,3,blocked,64,32,32,0,0,0,0,347631.44
4096,4096,3,blocked,64,32,32,0,0,0,1,342657.64
4096,4096,3,blocked,64,32,32,0,0,0,2,348194.66
4096,4096,3,blocked,64,32,32,0,0,0,3,340643.69
4096,4096,3,blocked,64,32,32,0,0,0,4,359478.88
4096,4096,3,blocked,64,32,32,0,0,0,5,356392.64
4096,4096,3,blocked,64,32,32,0,0,0,6,353517.69
4096,4096,3,blocked,64,32,32,0,0,0,7,343467.19
4096,4096,4,tiled,0,0,0,64,32,32,0,686033.49
4096,4096,4,tiled,0,0,0,64,32,32,1,686465.03
4096,4096,4,tiled,0,0,0,64,32,32,2,686765.11
4096,4096,4,tiled,0,0,0,64,32,32,3,686722.88
4096,4096,4,tiled,0,0,0,64,32,32,4,686380.55
4096,4096,4,tiled,0,0,0,64,32,32,5,686904.98
4096,4096,4,tiled,0,0,0,64,32,32,6,686498.72
4096,4096,4,tiled,0,0,0,64,32,32,7,684917.21
4096,4096,3,blocked,64,32,64,0,0,0,0,407240.47
4096,4096,3,blocked,64,32,64,0,0,0,1,407418.70
4096,4096,3,blocked,64,32,64,0,0,0,2,415084.18
4096,4096,3,blocked,64,32,64,0,0,0,3,418109.01
4096,4096,3,blocked,64,32,64,0,0,0,4,417453.26
4096,4096,3,blocked,64,32,64,0,0,0,5,420319.44
4096,4096,3,blocked,64,32,64,0,0,0,6,391656.52
4096,4096,3,blocked,64,32,64,0,0,0,7,418146.58
4096,4096,4,tiled,0,0,0,64,32,64,0,686233.53
4096,4096,4,tiled,0,0,0,64,32,64,1,685523.51
4096,4096,4,tiled,0,0,0,64,32,64,2,685624.37
4096,4096,4,tiled,0,0,0,64,32,64,3,685160.61
4096,4096,4,tiled,0,0,0,64,32,64,4,685952.96
4096,4096,4,tiled,0,0,0,64,32,64,5,685793.93
4096,4096,4,tiled,0,0,0,64,32,64,6,685437.17
4096,4096,4,tiled,0,0,0,64,32,64,7,685583.70
