variant,N,TB,SB,MT,threads,med_time_ms,std_time_ms,p5_time_ms,p95_time_ms,min_gbs,med_gbs,max_gbs,pct_peak_bw,status
locbuf_blk_c2_nd,16384,64,16,8,96,3.0473,0.2620,2.9805,3.3341,394.8,704.7,723.0,74.4,PASS
locbuf_blk_mt_c2_nd,16384,64,16,16,96,3.0666,0.2532,2.9739,3.2079,390.1,700.3,732.4,74.0,PASS
blk_aligned_mt_c2_nd,16384,64,16,16,96,3.1140,0.2633,3.0085,3.3383,385.8,689.6,726.8,72.8,PASS
blk_aligned_c2_nd,16384,64,16,8,96,3.1961,1.0985,3.1057,3.4021,151.2,671.9,698.0,71.0,PASS
locbuf_blk_c2_nd,16384,64,8,8,96,3.2189,0.5828,3.1386,3.5028,238.4,667.2,688.4,70.5,PASS
locbuf_blk_mt_c2_nd,16384,64,8,8,96,3.3293,0.5342,3.2859,3.4270,247.2,645.0,657.9,68.1,PASS
locbuf_blk_mt_c2_nd,16384,64,32,32,96,3.3516,0.2778,3.1617,3.6262,370.7,640.7,702.0,67.7,PASS
blk_aligned_mt_c2_nd,16384,64,32,16,96,3.3841,0.4262,3.3530,3.5892,281.9,634.6,646.1,67.0,PASS
locbuf_blk_c2_nd,16384,64,32,8,96,3.3928,0.8920,3.3182,3.7400,190.1,633.0,649.5,66.9,PASS
blk_aligned_c2_nd,16384,64,64,8,96,3.4189,0.3039,3.3116,3.7079,342.2,628.1,657.5,66.3,PASS
blk_aligned_mt_c2_nd,16384,64,128,4,96,3.4514,0.3697,3.3381,3.8794,315.1,622.2,655.2,65.7,PASS
locbuf_blk_mt_c2_nd,16384,64,32,8,96,3.4524,0.1507,3.3423,3.6549,467.6,622.0,646.1,65.7,PASS
blk_aligned_c2_nd,16384,64,8,8,96,3.4596,0.2622,3.4066,3.6089,356.3,620.7,633.9,65.6,PASS
blk_aligned_mt_c2_nd,16384,64,64,4,96,3.4798,0.3970,3.3474,4.0498,306.1,617.1,650.8,65.2,PASS
blk_aligned_mt_c2_nd,16384,64,64,32,96,3.5167,0.3006,3.4377,3.7637,334.2,610.7,628.6,64.5,PASS
blk_aligned_mt_c2_nd,16384,64,8,8,96,3.5433,0.2290,3.5017,3.5831,368.3,606.1,617.8,64.0,PASS
locbuf_blk_c2_nd,16384,64,128,8,96,3.5762,0.2523,3.5081,3.7325,356.5,600.5,615.6,63.4,PASS
locbuf_blk_c2_nd,16384,64,64,8,96,3.6029,0.2995,3.5284,3.8077,329.1,596.0,614.0,63.0,PASS
locbuf_blk_mt_c2_nd,16384,64,32,16,96,3.6267,0.1302,3.4979,3.7649,460.7,592.1,622.3,62.5,PASS
locbuf_blk_mt_c2_nd,16384,64,128,8,96,3.6789,0.1351,3.5759,3.9518,480.3,583.7,604.8,61.7,PASS
locbuf_blk_mt_c2_nd,16384,64,64,8,96,3.7439,0.3364,3.7164,3.8290,302.1,573.6,583.5,60.6,PASS
locbuf_blk_mt_c2_nd,16384,64,128,16,96,3.8432,0.2881,3.7755,4.0545,326.2,558.8,573.7,59.0,PASS
blk_aligned_mt_c2_nd,16384,64,128,32,96,3.8752,0.1445,3.7903,4.1231,458.8,554.2,569.1,58.5,PASS
locbuf_blk_mt_c2_nd,16384,64,64,16,96,3.9006,0.1468,3.8504,4.0530,413.2,550.5,563.3,58.2,PASS
locbuf_blk_mt_c2_nd,16384,64,64,32,96,3.9101,0.3164,3.8008,4.1519,308.9,549.2,570.7,58.0,PASS
blk_aligned_nd,16384,64,8,8,96,3.9265,0.1888,3.7594,4.2725,461.0,546.9,581.4,57.8,PASS
locbuf_blk_mt_c2_nd,16384,64,32,4,96,3.9488,0.2759,3.8803,4.1691,327.8,543.8,557.5,57.4,PASS
blk_aligned_c2_nd,16384,64,32,8,96,3.9763,0.3731,3.8087,4.2048,286.2,540.1,580.4,57.0,PASS
blk_aligned_mt_c2_nd,16384,64,32,32,96,3.9954,0.3612,3.8156,4.2165,290.9,537.5,587.6,56.8,PASS
locbuf_blk_mt_nd,16384,64,8,4,96,4.0133,0.5294,3.8857,4.9599,272.7,535.1,561.5,56.5,PASS
blk_aligned_mt_c2_nd,16384,64,32,4,96,4.0178,0.7132,3.9197,4.5551,203.0,534.5,551.3,56.5,PASS
locbuf_blk_mt_c2_nd,16384,64,256,8,96,4.0571,0.2457,3.9975,4.1036,330.2,529.3,540.2,55.9,PASS
hptt_patient_blk,16384,0,32,0,96,4.2174,0.3160,4.1787,4.4045,297.0,509.2,516.0,53.8,PASS
blk_aligned_mt_nd,16384,64,8,8,96,4.2271,0.2479,3.8402,4.4563,377.6,508.0,564.2,53.7,PASS
blk_aligned_c2_nd,16384,64,128,8,96,4.2482,0.2900,4.2149,4.2875,301.2,505.5,511.8,53.4,PASS
blk_aligned_mt_c2_nd,16384,64,256,4,96,4.2671,0.3390,4.2043,4.4314,282.6,503.3,513.5,53.2,PASS
blk_aligned_mt_c2_nd,16384,64,256,32,96,4.3011,0.1409,4.1048,4.4391,415.3,499.3,529.1,52.7,PASS
locbuf_blk_mt_c2_nd,16384,64,256,16,96,4.3480,0.2353,4.1796,4.6644,343.1,493.9,528.0,52.2,PASS
hptt_patient_blk,16384,0,64,0,96,4.4030,0.3608,4.3528,5.3683,361.2,487.7,497.9,51.5,PASS
blk_aligned_mt_c2_nd,16384,64,64,8,96,4.4306,0.4249,4.1993,4.7894,257.0,484.7,519.4,51.2,PASS
locbuf_blk_mt_c2_nd,16384,64,64,4,96,4.4412,0.5888,4.3896,6.0800,303.1,483.5,490.8,51.1,PASS
blk_aligned_nd,16384,64,16,8,96,4.4668,0.7223,3.8271,5.7074,260.9,480.8,565.4,50.8,PASS
locbuf_blk_mt_nd,16384,64,8,8,96,4.4797,0.4822,4.2518,5.2620,309.4,479.4,509.8,50.6,PASS
locbuf_blk_nd,16384,64,8,8,96,4.5444,0.6115,4.3760,5.8734,246.9,472.6,496.9,49.9,PASS
locbuf_blk_mt_c2_nd,16384,64,128,32,96,4.5442,0.0710,4.5162,4.6916,422.4,472.6,480.2,49.9,PASS
locbuf_blk_c2_nd,16384,64,256,8,96,4.5497,0.2619,4.4874,4.5839,299.7,472.0,480.5,49.9,PASS
blk_aligned_mt_c2_nd,16384,64,64,16,96,4.5820,0.4156,4.5093,4.8773,255.4,468.7,478.8,49.5,PASS
blk_aligned_mt_c2_nd,16384,64,16,4,96,4.6066,0.3118,4.5050,4.7005,279.8,466.2,478.7,49.2,PASS
hptt_blk,16384,0,512,0,96,4.6273,0.3538,4.5370,5.0568,271.9,464.1,474.2,49.0,PASS
blk_aligned_mt_c2_nd,16384,64,16,8,96,4.6292,0.2876,4.5480,4.7726,289.6,463.9,474.3,49.0,PASS
locbuf_blk_mt_nd,16384,64,16,16,96,4.7616,0.4478,4.3238,5.5311,299.0,451.0,502.7,47.6,PASS
locbuf_blk_mt_c2_nd,16384,64,16,8,96,4.7665,0.2763,4.7020,4.9703,288.0,450.5,457.5,47.6,PASS
hptt_patient_blk,16384,0,256,0,96,4.7769,0.2693,4.7133,5.0588,303.2,449.6,460.2,47.5,PASS
locbuf_blk_mt_c2_nd,16384,64,8,4,96,4.8129,0.4073,4.6932,5.0753,245.8,446.2,462.0,47.1,PASS
locbuf_blk_mt_c2_nd,16384,64,512,8,96,4.8287,0.3020,4.6889,4.9559,277.4,444.7,461.3,47.0,PASS
hptt_blk,16384,0,32,0,96,4.8330,0.2032,4.7221,5.3047,358.8,444.3,457.3,46.9,PASS
hptt_blk,16384,0,256,0,96,4.8683,1.4448,4.7866,5.2969,113.8,441.1,451.2,46.6,PASS
blk_aligned_mt_nd,16384,64,16,16,96,5.0342,0.6094,4.1465,5.7492,239.7,426.6,529.2,45.1,PASS
locbuf_blk_c2,16384,64,16,8,96,5.0406,0.2480,4.9954,5.4378,298.2,426.0,431.2,45.0,PASS
locbuf_blk_c2,16384,64,128,8,96,5.0622,0.2135,5.0072,5.1602,300.3,424.2,429.3,44.8,PASS
locbuf_blk_mt_nd,16384,64,32,32,96,5.1141,0.2583,4.9127,5.1848,289.2,419.9,439.2,44.4,PASS
blk_aligned_c2,16384,64,16,8,96,5.1191,0.2891,5.0697,5.4099,273.1,419.5,426.0,44.3,PASS
locbuf_2buf_c2_nd,16384,32,32,8,96,5.1443,0.1817,5.0604,5.3894,366.6,417.4,481.2,44.1,PASS
locbuf_blk_nd,16384,64,32,8,96,5.1744,0.1719,5.0255,5.5361,353.4,415.0,431.3,43.8,PASS
locbuf_blk_mt_c2,16384,64,128,8,96,5.1886,0.2125,5.1177,5.3554,300.1,413.9,424.2,43.7,PASS
blk_aligned_mt_c2_nd,16384,64,32,8,96,5.2157,0.2546,5.0591,5.4994,288.2,411.7,444.1,43.5,PASS
locbuf_blk_mt_c2,16384,64,256,8,96,5.2657,0.2347,5.1687,5.4131,297.6,407.8,430.5,43.1,PASS
locbuf_blk_mt_nd,16384,64,32,8,96,5.3509,0.3804,5.1227,6.0032,278.8,401.3,422.7,42.4,PASS
locbuf_blk_nd,16384,64,16,8,96,5.3918,0.4015,5.0531,6.1172,317.9,398.3,464.5,42.1,PASS
locbuf_blk_mt_c2,16384,64,128,32,96,5.4359,0.2427,5.3887,5.6616,284.9,395.1,399.6,41.7,PASS
blk_aligned_mt_c2,16384,64,8,8,96,5.4386,0.1863,5.3406,5.7359,314.3,394.9,404.6,41.7,PASS
locbuf_blk_mt_c2_nd,16384,64,16,4,96,5.4718,0.2566,5.3466,5.6686,276.1,392.5,423.1,41.5,PASS
locbuf_blk_c2,16384,64,256,8,96,5.4933,0.1193,5.3839,5.6859,341.2,390.9,402.2,41.3,PASS
locbuf_blk_mt_c2,16384,64,128,16,96,5.5174,0.1945,5.4637,6.0548,339.1,389.2,393.6,41.1,PASS
locbuf_blk_mt_nd,16384,64,32,16,96,5.5294,0.3490,5.3528,6.1357,268.0,388.4,406.7,41.0,PASS
blk_aligned_mt_nd,16384,64,32,16,96,5.5531,1.2875,5.4757,8.5364,243.2,386.7,395.6,40.8,PASS
hptt_patient_blk,16384,0,512,0,96,5.5628,0.2194,5.4890,5.7466,283.1,386.0,410.5,40.8,PASS
locbuf_blk_mt_nd,16384,64,32,4,96,5.5757,0.2439,5.5012,5.9449,276.7,385.1,392.2,40.7,PASS
blk_aligned_mt_nd,16384,64,16,8,96,5.6063,0.6239,5.3136,6.7956,246.8,383.0,408.6,40.5,PASS
locbuf_blk_mt_c2,16384,64,64,4,96,5.6155,0.2571,5.5793,6.2832,306.2,382.4,386.0,40.4,PASS
locbuf_2buf_c2_nd,16384,16,32,8,96,5.6153,1.1730,5.3866,5.8364,125.7,382.4,415.7,40.4,PASS
locbuf_blk_mt_c2,16384,64,512,8,96,5.6487,0.1891,5.5200,5.7983,291.0,380.2,392.5,40.2,PASS
blk_aligned_mt,16384,64,8,8,96,5.6608,0.1920,5.5564,5.9134,294.9,379.4,389.3,40.1,PASS
blk_aligned,16384,64,8,8,96,5.6630,0.1519,5.5052,5.9751,345.6,379.2,393.7,40.1,PASS
blk_aligned_c2,16384,64,8,8,96,5.7020,0.1815,5.5284,5.8865,311.4,376.6,395.4,39.8,PASS
locbuf_blk_mt_c2,16384,64,256,16,96,5.8111,0.1889,5.7015,6.2751,336.6,369.5,395.6,39.0,PASS
blk_aligned_mt_c2_nd,16384,64,128,8,96,5.8411,0.3282,5.7230,5.9921,240.6,367.7,379.1,38.8,PASS
locbuf_blk_c2,16384,64,8,8,96,5.8673,0.2709,5.6838,6.3093,273.6,366.0,383.7,38.7,PASS
locbuf_blk_mt_c2,16384,64,8,8,96,5.8754,0.3579,5.6430,6.2700,237.5,365.5,384.3,38.6,PASS
blk_aligned_mt_c2,16384,64,128,32,96,5.8840,0.2270,5.8211,6.1149,270.4,365.0,371.2,38.6,PASS
blk_aligned_mt_c2,16384,64,64,32,96,5.8852,0.2008,5.7902,6.0457,277.1,364.9,372.7,38.5,PASS
blk_aligned_c2,16384,64,64,8,96,5.9030,0.2736,5.7312,6.3931,276.8,363.8,378.9,38.4,PASS
blk_aligned_c2,16384,64,128,8,96,5.9051,0.2026,5.8437,6.0130,272.3,363.7,369.8,38.4,PASS
blk_aligned_mt_nd,16384,64,16,4,96,5.9317,1.0378,5.7071,9.0472,219.3,362.0,377.9,38.2,PASS
blk_aligned_mt_c2,16384,64,128,4,96,5.9616,0.2524,5.8719,6.4379,274.3,360.2,367.3,38.1,PASS
locbuf_blk_mt_c2,16384,64,64,32,96,5.9715,0.3411,5.5816,6.7263,304.9,359.6,387.9,38.0,PASS
locbuf_2buf_c2_nd,16384,64,32,8,96,5.9818,0.3555,5.7680,6.6251,261.6,359.0,373.8,37.9,PASS
blk_aligned_mt_c2,16384,64,256,32,96,5.9859,0.4969,5.8953,6.3677,206.0,358.8,366.1,37.9,PASS
locbuf_blk_c2,16384,64,64,8,96,5.9867,0.2035,5.7758,6.4085,313.9,358.7,377.1,37.9,PASS
locbuf_blk_mt_c2,16384,64,64,8,96,5.9978,0.2034,5.8193,6.2429,287.8,358.0,371.5,37.8,PASS
blk_aligned_mt_c2,16384,64,256,4,96,6.0038,0.3866,5.9133,6.8106,249.0,357.7,365.5,37.8,PASS
blk_aligned_mt_c2_nd,16384,64,512,4,96,6.0074,0.1839,5.9058,6.1732,279.9,357.5,365.7,37.8,PASS
locbuf_blk_mt_c2_nd,16384,64,256,32,96,6.0260,0.0806,5.9552,6.1100,323.9,356.4,361.4,37.6,PASS
rm_blk_mt_c2_nd,16384,64,128,4,96,6.0273,0.3012,5.9766,6.1086,238.1,356.3,360.1,37.6,PASS
locbuf_blk_mt_c2,16384,64,64,16,96,6.0331,0.2107,5.9334,6.6209,309.9,356.0,363.2,37.6,PASS
locbuf_blk_mt_nd,16384,64,16,8,96,6.0319,0.7166,5.8885,7.5856,221.3,356.0,369.8,37.6,PASS
hptt_blk,16384,0,64,0,96,6.1208,0.3119,6.0717,7.1782,289.0,350.8,360.7,37.1,PASS
locbuf_c2_nd,16384,16,32,8,96,6.1383,0.3166,6.0188,6.7191,248.0,349.9,362.1,37.0,PASS
locbuf_blk_mt,16384,64,16,16,96,6.2192,0.2542,5.9683,6.3689,256.1,345.3,370.7,36.5,PASS
locbuf_blk_mt_c2,16384,64,32,16,96,6.2350,0.3045,6.1279,6.6133,241.2,344.4,352.2,36.4,PASS
locbuf_blk,16384,64,16,8,96,6.2423,0.3446,5.6685,6.3376,236.5,344.0,382.5,36.3,PASS
blk_aligned_mt,16384,64,16,16,96,6.3200,0.2729,6.0753,6.3890,243.3,339.8,369.2,35.9,PASS
locbuf_blk_mt_c2,16384,64,16,16,96,6.3381,0.3034,6.2822,6.8538,265.7,338.8,342.8,35.8,PASS
locbuf_blk_mt,16384,64,8,4,96,6.3420,0.2004,6.1843,6.7211,297.7,338.6,354.6,35.8,PASS
blk_aligned,16384,64,16,8,96,6.3627,0.2524,6.0620,6.4825,252.2,337.5,365.5,35.7,PASS
hptt_blk,16384,0,128,0,96,6.3794,0.1514,6.1569,6.4537,283.7,336.6,359.8,35.6,PASS
blk_aligned_mt_c2_nd,16384,64,128,16,96,6.3878,0.3415,6.2560,6.5750,223.4,336.2,352.0,35.5,PASS
rm_blk_mt_c2_nd,16384,64,64,4,96,6.3920,0.2081,6.2459,6.6200,263.2,336.0,347.2,35.5,PASS
blk_aligned_mt_nd,16384,64,8,4,96,6.3978,1.2091,6.2168,6.5368,119.0,335.7,393.3,35.5,PASS
blk_aligned_mt_c2,16384,64,64,16,96,6.4732,0.3792,6.3942,7.6457,248.3,331.8,337.8,35.0,PASS
blk_aligned_nd,16384,64,32,8,96,6.4739,1.0661,6.1395,9.3717,194.0,331.7,377.2,35.0,PASS
rm_blk_mt_c2_nd,16384,64,256,4,96,6.4843,0.3201,6.4400,6.5760,222.0,331.2,334.6,35.0,PASS
blk_aligned_c2,16384,64,32,8,96,6.5341,0.3667,6.3925,6.9218,232.5,328.7,340.5,34.7,PASS
hptt_patient_blk,16384,0,16,0,96,6.5379,0.3675,6.4869,6.7174,211.2,328.5,332.7,34.7,PASS
blk_aligned_mt_c2,16384,64,64,4,96,6.5637,0.1741,6.5260,6.7454,261.9,327.2,329.7,34.6,PASS
blk_aligned_mt_c2,16384,64,32,32,96,6.5732,0.2474,6.4221,6.8707,247.0,326.7,339.3,34.5,PASS
locbuf_blk_mt,16384,64,8,8,96,6.6482,0.2693,6.4470,6.9342,242.8,323.0,336.8,34.1,PASS
blk_aligned_nd,16384,64,64,8,96,6.6852,0.3456,6.6236,7.1408,222.1,321.2,324.8,33.9,PASS
blk_aligned_mt_c2,16384,64,16,16,96,6.6956,0.1564,6.6615,6.7659,265.1,320.7,323.2,33.9,PASS
locbuf_blk,16384,64,8,8,96,6.7142,0.2476,6.5184,7.0952,256.5,319.8,335.9,33.8,PASS
blk_aligned_mt_c2,16384,64,128,8,96,6.7693,0.1684,6.6764,6.9352,266.2,317.2,323.3,33.5,PASS
blk_tiled_c2_nd,16384,64,8,8,96,6.7764,0.6464,6.7098,7.2242,167.3,316.9,321.0,33.5,PASS
locbuf_blk_mt_c2,16384,64,8,4,96,6.7794,0.2704,6.6497,6.9674,230.4,316.8,325.9,33.5,PASS
blk_aligned_mt_c2,16384,64,64,8,96,6.7854,0.0978,6.6907,7.0091,299.6,316.5,321.7,33.4,PASS
locbuf_blk_mt_c2,16384,64,32,32,96,6.7889,0.2068,6.5973,7.2251,274.3,316.3,330.1,33.4,PASS
blk_aligned_mt_c2,16384,64,32,16,96,6.7939,0.2286,6.6682,6.9339,239.9,316.1,323.0,33.4,PASS
locbuf_blk_mt_nd,16384,64,64,8,96,6.8096,0.2993,6.7821,7.2340,234.9,315.4,317.5,33.3,PASS
rm_blk_mt_c2_nd,16384,64,16,4,96,6.8427,0.1358,6.7562,7.0061,274.7,313.8,319.0,33.2,PASS
locbuf_blk_c2,16384,64,32,8,96,6.9139,0.2908,6.8173,7.1101,221.2,310.6,317.6,32.8,PASS
blk_aligned_mt_nd,16384,64,32,8,96,6.9351,0.4274,6.8682,8.1867,255.2,309.7,313.6,32.7,PASS
locbuf_c2_nd,16384,128,32,8,96,6.9484,0.3505,6.5837,7.2676,219.5,309.1,333.0,32.6,PASS
blk_aligned_mt_c2_nd,16384,64,8,4,96,7.0009,0.8652,6.7702,7.2747,139.1,306.7,356.0,32.4,PASS
blk_tiled_c2_nd,16384,64,32,8,96,7.0058,0.2035,6.8910,7.1782,256.9,306.5,314.4,32.4,PASS
hptt_blk,16384,0,16,0,96,7.0748,0.3656,6.6295,7.1906,216.3,303.5,350.8,32.1,PASS
locbuf_blk_mt_nd,16384,64,64,4,96,7.0778,0.2309,7.0325,7.2362,229.6,303.4,306.3,32.0,PASS
locbuf_blk_mt_c2,16384,64,512,16,96,7.0861,0.3016,6.9492,7.2430,223.7,303.1,311.3,32.0,PASS
locbuf_c2_nd,16384,64,32,8,96,7.0849,0.3502,6.9441,7.3409,213.8,303.1,310.7,32.0,PASS
blk_aligned_mt_nd,16384,64,64,32,96,7.1726,0.1998,7.1484,7.2313,247.3,299.4,301.2,31.6,PASS
blk_tiled_c2_nd,16384,64,128,8,96,7.2084,0.7020,7.0490,7.7148,153.5,297.9,308.9,31.5,PASS
locbuf_blk_mt_c2,16384,64,256,32,96,7.2627,0.0820,7.2032,7.3636,271.1,295.7,299.8,31.2,PASS
blk_aligned_c2_nd,16384,64,256,8,96,7.2774,0.3903,7.1459,7.4388,204.4,295.1,334.9,31.2,PASS
locbuf_blk_mt_c2_nd,16384,64,512,16,96,7.3187,0.2040,7.1969,7.4164,232.6,293.4,300.6,31.0,PASS
locbuf_2buf_nd,16384,32,32,8,96,7.3267,0.4014,7.1993,8.1077,238.3,293.1,301.4,31.0,PASS
locbuf_blk_mt_c2,16384,64,32,4,96,7.3337,0.4568,7.1917,8.3426,219.2,292.8,299.4,30.9,PASS
locbuf_blk_mt_c2,16384,64,32,8,96,7.3609,0.2453,7.2174,7.6760,228.6,291.7,301.6,30.8,PASS
locbuf_2buf_nd,16384,16,32,8,96,7.4039,0.2879,7.0590,7.8026,250.5,290.0,310.5,30.6,PASS
locbuf_blk_nd,16384,64,64,8,96,7.4330,0.3271,6.7927,7.7034,247.2,288.9,317.5,30.5,PASS
locbuf_2buf_c2_nd,16384,128,32,8,96,7.4760,0.3172,7.3458,7.7319,203.9,287.3,294.4,30.3,PASS
locbuf_c2_nd,16384,32,32,8,96,7.4826,0.3125,7.3012,8.1132,235.9,287.0,297.1,30.3,PASS
blk_aligned_mt_nd,16384,64,32,32,96,7.5102,1.7205,6.2451,10.7999,162.4,286.0,367.3,30.2,PASS
blk_tiled_c2_nd,16384,64,64,8,96,7.5159,0.3212,7.2382,7.8483,215.1,285.7,297.2,30.2,PASS
locbuf_blk_mt_nd,16384,64,64,16,96,7.5669,0.2576,7.4996,7.8689,218.2,283.8,286.8,30.0,PASS
blk_aligned_mt_c2,16384,64,512,32,96,7.6553,0.7342,7.6056,7.9874,146.8,280.5,282.8,29.6,PASS
locbuf_blk_mt_nd,16384,64,64,32,96,7.6731,0.5117,7.6167,8.0722,175.7,279.9,283.7,29.6,PASS
blk_aligned_mt_nd,16384,64,64,4,96,7.6793,0.5139,6.9527,8.1874,187.2,279.6,310.8,29.5,PASS
locbuf_blk_c2_nd,16384,64,512,8,96,7.7865,0.2990,7.6914,7.9114,200.4,275.8,282.2,29.1,PASS
blk_tiled_c2,16384,64,32,8,96,7.8342,0.6536,7.7440,10.0442,198.0,274.1,278.7,29.0,PASS
blk_aligned_mt_c2,16384,64,512,4,96,7.8752,0.2164,7.6845,8.1433,224.4,272.7,283.0,28.8,PASS
locbuf_blk_mt,16384,64,32,16,96,7.9213,0.2254,7.7180,8.2333,227.5,271.1,282.0,28.6,PASS
blk_aligned_mt_nd,16384,64,32,4,96,7.9332,1.6009,7.6371,11.2910,181.8,270.7,285.1,28.6,PASS
blk_aligned_mt_c2,16384,64,32,4,96,7.9390,0.3054,7.7890,8.2510,202.4,270.5,279.5,28.6,PASS
blk_aligned_mt_nd,16384,64,64,8,96,7.9788,0.5374,7.9498,8.3918,179.9,269.1,270.6,28.4,PASS
blk_tiled_c2,16384,64,64,8,96,7.9927,0.3377,7.9594,8.5166,197.4,268.7,271.4,28.4,PASS
blk_aligned,16384,64,32,8,96,8.0682,0.6345,7.6983,9.6295,213.7,266.2,288.1,28.1,PASS
hptt,16384,0,32,0,96,8.0686,0.1982,7.9759,8.2673,220.3,266.2,271.5,28.1,PASS
blk_tiled_c2_nd,16384,64,16,8,96,8.0963,0.5082,7.9568,8.3308,165.3,265.2,285.9,28.0,PASS
rm_blk_mt_c2_nd,16384,64,512,4,96,8.1226,0.3903,8.0283,8.2768,179.2,264.4,268.4,27.9,PASS
locbuf_2buf_c2,16384,32,32,8,96,8.1800,0.0844,8.0236,8.2968,258.1,262.5,270.6,27.7,PASS
blk_aligned_c2,16384,64,256,8,96,8.1916,0.5406,7.9680,9.3981,186.1,262.2,270.3,27.7,PASS
blk_aligned_mt,16384,64,32,32,96,8.2811,0.7408,7.6390,9.7955,204.6,259.3,287.6,27.4,PASS
blk_tiled_c2,16384,64,128,8,96,8.2970,0.2993,8.1057,8.6494,202.6,258.8,266.8,27.3,PASS
blk_aligned_mt_c2_nd,16384,64,512,32,96,8.3454,0.1664,8.2132,8.5087,223.4,257.3,262.2,27.2,PASS
rm_blk_mt_c2_nd,16384,64,32,4,96,8.3666,0.3055,8.2569,8.5234,190.1,256.7,260.6,27.1,PASS
blk_aligned_mt_nd,16384,64,64,16,96,8.4073,0.3093,8.3525,8.7166,200.3,255.4,257.6,27.0,PASS
blk_aligned_mt_c2,16384,64,128,16,96,8.4757,0.2953,8.3804,9.2396,208.0,253.4,257.6,26.8,PASS
blk_aligned_mt_c2,16384,64,16,8,96,8.5525,0.2469,8.3445,8.9463,212.4,251.1,261.2,26.5,PASS
locbuf_blk_c2,16384,64,512,8,96,8.5704,0.2194,8.4487,8.7348,204.4,250.6,257.5,26.5,PASS
blk_aligned,16384,64,64,8,96,8.6262,0.6920,8.4258,10.3415,174.1,248.9,257.3,26.3,PASS
blk_tiled_nd,16384,64,64,8,96,8.6727,0.4060,8.6227,8.9206,173.2,247.6,249.4,26.2,PASS
blk_aligned_mt_c2,16384,64,32,8,96,8.7662,0.4501,8.1085,9.4478,197.0,245.0,267.6,25.9,PASS
locbuf_blk_mt_c2,16384,64,16,8,96,8.7839,0.4386,8.6318,10.0171,195.5,244.5,249.6,25.8,PASS
locbuf_blk_mt_c2,16384,64,512,32,96,8.8320,0.2121,8.7356,8.9102,215.0,243.1,248.4,25.7,PASS
blk_aligned_mt,16384,64,16,8,96,8.8368,0.3877,8.5158,9.6576,209.9,243.0,255.6,25.7,PASS
blk_aligned_mt,16384,64,64,32,96,8.8527,0.2295,8.7487,9.3901,205.2,242.6,248.1,25.6,PASS
blk_aligned_mt_c2,16384,64,16,4,96,8.9139,0.1872,8.7628,9.1366,210.7,240.9,246.9,25.4,PASS
locbuf_blk,16384,64,64,8,96,8.9385,0.4665,8.3526,9.7440,204.2,240.3,261.5,25.4,PASS
locbuf_blk,16384,64,32,8,96,9.0051,0.4272,8.5642,9.9911,195.8,238.5,257.3,25.2,PASS
blk_aligned_mt,16384,64,32,16,96,9.0141,0.5887,8.6300,10.1890,208.3,238.2,249.8,25.2,PASS
locbuf_blk_mt_nd,16384,64,16,4,96,9.0279,1.9929,6.8819,11.6430,165.4,237.9,352.3,25.1,PASS
locbuf_blk_mt_c2,16384,64,128,4,96,9.0368,0.2963,8.9530,9.8659,195.2,237.6,240.5,25.1,PASS
locbuf_blk_mt,16384,64,64,8,96,9.1120,0.4552,8.7440,10.0190,198.2,235.7,251.2,24.9,PASS
locbuf_nd,16384,16,32,8,96,9.1204,0.2991,8.9806,9.2545,179.7,235.5,243.1,24.9,PASS
blk_tiled_c2_nd,16384,64,512,8,96,9.2072,0.7592,9.0963,9.9224,153.5,233.2,236.8,24.6,PASS
locbuf_blk_mt,16384,64,64,16,96,9.2371,0.2663,8.9446,9.6068,194.3,232.5,241.1,24.6,PASS
blk_aligned_mt,16384,64,64,4,96,9.2424,0.2294,9.1469,9.4777,190.4,232.4,236.0,24.5,PASS
rm_blk_mt_c2_nd,16384,64,128,8,96,9.3383,0.9961,9.2258,9.4191,113.1,230.0,233.5,24.3,PASS
locbuf_blk_mt,16384,64,64,32,96,9.3838,0.1593,9.1005,9.5670,216.2,228.9,238.8,24.2,PASS
locbuf_blk_mt,16384,64,64,4,96,9.3938,0.1612,9.3147,9.5413,200.5,228.6,231.7,24.1,PASS
locbuf_blk_mt_c2_nd,16384,64,512,32,96,9.5402,0.1712,9.4868,9.6471,191.8,225.1,226.8,23.8,PASS
locbuf_c2,16384,16,32,8,96,9.5776,0.1884,9.3529,9.9133,212.1,224.2,237.6,23.7,PASS
locbuf_blk_mt,16384,64,32,8,96,9.6099,0.3285,9.1526,10.2341,203.2,223.5,238.8,23.6,PASS
hptt_patient_blk,16384,0,128,0,96,9.6120,0.8149,7.1733,9.7785,217.4,223.4,303.0,23.6,PASS
locbuf_blk_mt_c2_nd,16384,64,128,4,96,9.7229,0.2918,9.6409,9.8623,170.6,220.9,223.9,23.3,PASS
blk_aligned_mt_c2,16384,64,8,4,96,9.7481,0.3768,9.7000,9.9466,179.2,220.3,223.2,23.3,PASS
locbuf_2buf,16384,32,32,8,96,9.9026,0.1553,9.6921,10.1070,199.8,216.9,225.0,22.9,PASS
locbuf_blk_mt_c2,16384,64,16,4,96,9.9428,0.2824,9.6902,10.2437,176.9,216.0,223.8,22.8,PASS
locbuf,16384,16,32,8,96,9.9509,0.1567,9.5619,10.1068,205.7,215.8,226.2,22.8,PASS
rm_blk_mt_c2_nd,16384,64,64,8,96,9.9607,0.2672,9.9120,10.0711,170.5,215.6,216.9,22.8,PASS
rm_blk_mt_c2_nd,16384,64,128,16,96,9.9916,0.4751,9.8192,10.0911,146.0,214.9,220.2,22.7,PASS
locbuf_c2,16384,128,32,8,96,10.0802,0.1921,9.8810,10.3356,187.8,213.0,218.2,22.5,PASS
blk_tiled_c2,16384,64,16,8,96,10.1044,0.3729,9.6103,10.6890,176.6,212.5,227.9,22.4,PASS
locbuf_blk_mt,16384,64,16,8,96,10.1175,0.3078,9.8264,10.4280,171.0,212.3,223.5,22.4,PASS
rm_blk_mt_c2_nd,16384,64,32,8,96,10.1941,0.2501,10.1704,10.3556,170.0,210.7,211.3,22.3,PASS
blk_aligned_mt,16384,64,64,16,96,10.1945,0.2957,9.8147,10.6351,179.6,210.6,223.7,22.3,PASS
blk_tiled_c2,16384,64,512,8,96,10.2308,0.3439,10.1369,10.6091,165.6,209.9,212.8,22.2,PASS
blk_aligned_mt,16384,64,64,8,96,10.2840,0.2266,10.1283,10.7866,183.9,208.8,213.4,22.1,PASS
blk_tiled,16384,64,64,8,96,10.2878,0.3640,10.1967,10.6325,167.1,208.7,211.4,22.0,PASS
blk_tiled_c2,16384,64,8,8,96,10.3148,0.3400,10.1594,10.9077,167.5,208.2,213.3,22.0,PASS
locbuf_2buf_c2,16384,64,32,8,96,10.3647,0.1170,10.2338,10.5073,195.6,207.2,213.4,21.9,PASS
locbuf_blk_mt,16384,64,32,4,96,10.3763,0.3137,9.9586,10.9105,181.6,207.0,218.8,21.9,PASS
rm_blk_mt_c2_nd,16384,64,16,8,96,10.5028,0.2490,10.4426,10.7504,167.3,204.5,206.0,21.6,PASS
locbuf_blk_nd,16384,64,128,8,96,10.6299,0.2299,10.5824,10.6817,167.4,202.0,204.2,21.3,PASS
blk_aligned_nd,16384,64,128,8,96,10.6428,0.2445,10.5977,10.9134,172.5,201.8,203.0,21.3,PASS
rm_blk_mt_c2_nd,16384,64,256,8,96,10.6558,0.2358,10.5942,10.7064,166.5,201.5,214.4,21.3,PASS
locbuf_2buf,16384,16,32,8,96,10.6771,0.9940,10.3462,12.2749,118.9,201.1,220.1,21.2,PASS
locbuf_2buf_c2,16384,16,32,8,96,10.6838,0.3525,10.2767,10.8399,195.8,201.0,262.4,21.2,PASS
blk_aligned_mt,16384,64,8,4,96,10.7221,0.1879,10.5220,11.0456,187.2,200.3,205.3,21.2,PASS
locbuf_blk_mt,16384,64,32,32,96,10.7617,0.3930,9.9896,11.2026,188.3,199.5,227.4,21.1,PASS
blk_aligned_mt,16384,64,32,8,96,10.8005,0.4392,10.3758,11.6433,169.6,198.8,209.7,21.0,PASS
locbuf_blk_mt_nd,16384,64,128,8,96,10.8223,0.1608,10.7739,10.9811,174.2,198.4,199.7,21.0,PASS
blk_aligned_mt,16384,64,32,4,96,10.8413,0.6287,10.3041,11.9702,170.7,198.1,211.1,20.9,PASS
locbuf_2buf_nd,16384,64,32,8,96,10.8507,0.3377,10.7003,10.9262,162.3,197.9,201.3,20.9,PASS
locbuf_blk_mt,16384,64,16,4,96,10.9222,0.4977,10.4818,11.9666,159.3,196.6,208.5,20.8,PASS
blk_aligned_mt_nd,16384,64,128,4,96,11.0251,0.3744,10.9040,11.3585,155.0,194.8,197.8,20.6,PASS
rm_blk_mt_c2_nd,16384,64,8,4,96,11.0817,0.2576,10.8796,11.4248,168.8,193.8,199.0,20.5,PASS
blk_tiled_nd,16384,64,8,8,96,11.0894,0.6578,10.6854,12.2093,134.9,193.7,203.2,20.5,PASS
hptt_patient,16384,0,32,0,96,11.1244,0.3606,11.0319,11.8094,174.7,193.0,252.3,20.4,PASS
blk_aligned_mt_c2,16384,64,256,8,96,11.1657,0.3339,11.0507,11.6771,152.0,192.3,195.3,20.3,PASS
blk_aligned_mt_nd,16384,64,128,32,96,11.1648,0.2764,11.1005,12.0131,171.8,192.3,194.3,20.3,PASS
blk_aligned_mt_c2_nd,16384,64,256,16,96,11.2337,0.3716,10.8659,11.6358,153.0,191.2,205.1,20.2,PASS
blk_aligned_mt_c2_nd,16384,64,256,8,96,11.2978,0.4316,11.1507,12.0651,157.1,190.1,193.2,20.1,PASS
locbuf_nd,16384,32,32,8,96,11.3923,0.1714,11.3670,11.4388,163.9,188.5,189.3,19.9,PASS
rm_blk_c2_nd,16384,64,8,8,96,11.6621,0.4373,11.5002,12.0138,143.9,184.1,188.0,19.5,PASS
locbuf_blk_mt_nd,16384,64,128,16,96,11.6797,0.2587,11.5020,11.9112,162.9,183.9,194.7,19.4,PASS
blk_naive,16384,64,8,8,96,11.6939,0.5389,11.2675,12.4956,148.3,183.6,191.8,19.4,PASS
rm_blk_mt_c2_nd,16384,64,8,8,96,11.7663,0.3238,11.5800,12.2645,151.0,182.5,186.5,19.3,PASS
locbuf_2buf,16384,64,32,8,96,11.7866,0.1953,11.6955,11.8922,163.1,182.2,185.3,19.2,PASS
rm_blk_mt_c2_nd,16384,64,64,16,96,11.8126,0.4593,11.7442,11.9761,131.1,181.8,183.7,19.2,PASS
blk_aligned_mt,16384,64,16,4,96,11.8212,0.6102,10.9999,12.8658,163.0,181.7,200.1,19.2,PASS
rm_blk_mt_c2_nd,16384,64,64,32,96,11.8481,1.3678,11.6315,12.6554,86.4,181.3,185.8,19.1,PASS
rm_blk_mt_nd,16384,64,16,4,96,11.9122,0.5388,11.3110,12.6854,147.2,180.3,193.2,19.0,PASS
locbuf_2buf_c2,16384,128,32,8,96,12.0301,0.1990,11.5774,12.1488,167.8,178.5,187.7,18.9,PASS
locbuf_blk,16384,64,128,8,96,12.0719,0.1590,11.8663,12.2272,165.8,177.9,181.8,18.8,PASS
blk_aligned_mt_c2,16384,64,256,16,96,12.1647,0.4545,11.7349,13.0487,148.2,176.5,184.7,18.6,PASS
rm_blk_c2_nd,16384,64,64,8,96,12.1676,0.2535,12.0519,12.4327,150.3,176.5,179.2,18.6,PASS
rm_blk_mt_nd,16384,64,64,4,96,12.1682,1.1556,10.2468,12.7485,115.6,176.5,211.7,18.6,PASS
blk_tiled_c2_nd,16384,64,256,8,96,12.1809,0.3868,12.0856,12.6184,135.9,176.3,181.5,18.6,PASS
rm_blk_mt_c2_nd,16384,64,32,32,96,12.1933,1.4755,11.9192,13.3727,81.7,176.1,181.5,18.6,PASS
rm_blk_mt_c2_nd,16384,64,128,32,96,12.2401,0.4752,12.0051,12.8335,131.9,175.4,179.1,18.5,PASS
rm_blk_mt_c2,16384,64,256,8,96,12.2479,0.2182,12.1776,12.4829,155.7,175.3,176.7,18.5,PASS
blk_aligned_mt_nd,16384,64,128,8,96,12.2751,0.3070,12.0842,12.6382,148.0,174.9,179.4,18.5,PASS
blk_tiled_c2,16384,64,256,8,96,12.2868,0.7643,12.1884,12.4243,112.9,174.8,176.7,18.5,PASS
rm_blk_mt_c2,16384,64,64,4,96,12.3102,0.0637,12.2421,12.4168,170.8,174.4,177.2,18.4,PASS
rm_blk_mt_c2,16384,64,64,8,96,12.3125,0.0932,12.2653,12.4182,163.4,174.4,175.4,18.4,PASS
locbuf_blk_mt,16384,64,128,8,96,12.3705,0.1636,12.2008,12.6947,162.0,173.6,176.2,18.3,PASS
locbuf_blk_mt,16384,64,128,32,96,12.4369,0.1592,12.3304,12.8497,162.5,172.7,175.0,18.2,PASS
rm_blk_mt_c2,16384,64,16,8,96,12.4522,0.2039,12.3651,12.6010,152.8,172.5,174.3,18.2,PASS
rm_blk_mt_c2,16384,64,16,4,96,12.5358,0.2108,12.4086,12.6699,167.3,171.3,202.0,18.1,PASS
locbuf,16384,32,32,8,96,12.6285,0.4314,12.5735,12.6842,129.9,170.1,171.1,18.0,PASS
locbuf_blk_mt,16384,64,128,16,96,12.6217,0.1500,12.4534,12.9389,163.6,170.1,173.0,18.0,PASS
rm_blk_c2_nd,16384,64,32,8,96,12.6727,1.4282,12.4091,14.0713,83.5,169.5,173.7,17.9,PASS
blk_naive_nd,16384,64,8,8,96,12.6813,0.6511,11.5025,13.0380,125.1,169.3,194.0,17.9,PASS
rm_blk_mt_nd,16384,64,32,4,96,12.7035,0.7170,12.5289,12.8661,109.3,169.0,173.2,17.9,PASS
rm_blk_mt_c2,16384,64,32,8,96,12.8143,0.0802,12.7017,12.8706,159.8,167.6,169.7,17.7,PASS
rm_blk_mt_c2_nd,16384,64,256,16,96,12.8201,1.0293,12.7362,12.9367,93.7,167.5,168.9,17.7,PASS
rm_blk_mt_c2,16384,64,128,8,96,12.8564,0.2327,12.3358,13.0749,163.5,167.0,175.2,17.6,PASS
locbuf_blk_mt_nd,16384,64,128,32,96,12.8684,0.2512,12.5086,13.2734,147.5,166.9,173.2,17.6,PASS
blk_aligned_mt,16384,64,128,32,96,12.9245,0.2240,12.7653,13.4286,149.9,166.2,169.6,17.6,PASS
rm_blk_mt,16384,64,16,8,96,12.9425,0.0704,12.9017,12.9816,158.0,165.9,167.4,17.5,PASS
rm_blk_mt,16384,64,16,4,96,12.9812,0.2921,12.7450,13.6552,147.7,165.4,172.0,17.5,PASS
blk_aligned,16384,64,128,8,96,13.0068,0.2351,12.6761,13.2889,153.5,165.1,171.3,17.4,PASS
blk_aligned_mt,16384,64,128,4,96,13.0340,0.3948,12.7495,13.9751,148.9,164.8,171.1,17.4,PASS
locbuf_c2,16384,64,32,8,96,13.0625,0.2671,12.7919,13.2714,140.4,164.4,169.0,17.4,PASS
tiled_c2_nd,16384,64,32,8,96,13.0707,1.2293,12.8893,14.6177,87.4,164.3,167.1,17.4,PASS
locbuf_nd,16384,64,32,8,96,13.1095,0.3262,13.0566,13.7638,137.7,163.8,164.8,17.3,PASS
locbuf_c2,16384,32,32,8,96,13.1973,0.0795,13.1285,13.2980,155.7,162.7,163.8,17.2,PASS
rm_blk_mt_nd,16384,64,128,4,96,13.3995,0.1240,13.3214,13.4784,148.4,160.3,161.4,16.9,PASS
rm_blk_mt_c2_nd,16384,64,32,16,96,13.4024,1.2958,13.3767,13.4431,81.9,160.2,161.4,16.9,PASS
rm_blk_mt,16384,64,64,8,96,13.6662,0.0934,13.5909,13.7618,148.8,157.1,158.8,16.6,PASS
rm_blk_mt_c2_nd,16384,64,16,16,96,13.6736,1.2800,13.5799,13.7997,82.2,157.1,158.6,16.6,PASS
blk_naive_nd,16384,64,128,8,96,13.7199,1.3741,13.0245,15.3002,86.1,156.5,168.8,16.5,PASS
rm_blk_mt_c2,16384,64,128,16,96,13.8875,0.1348,13.7488,14.0945,144.7,154.6,156.9,16.3,PASS
rm_blk_c2_nd,16384,64,16,8,96,13.9573,0.1583,13.7694,14.0796,140.7,153.9,156.5,16.3,PASS
tiled_c2_nd,16384,32,32,8,96,13.9659,1.2133,13.7040,14.2009,82.8,153.8,162.9,16.2,PASS
rm_blk_mt,16384,64,32,8,96,13.9705,0.0997,13.9216,14.0688,144.7,153.7,154.4,16.2,PASS
rm_blk_mt,16384,64,64,4,96,14.1039,0.1784,13.8238,14.3594,146.6,152.3,155.8,16.1,PASS
blk_tiled,16384,64,512,8,96,14.1328,0.3498,14.0118,14.2347,122.2,152.0,154.0,16.1,PASS
rm_blk_mt_c2_nd,16384,64,256,32,96,14.1356,0.8934,14.0944,14.2484,94.9,151.9,153.1,16.0,PASS
rm_blk_mt_c2_nd,16384,64,512,8,96,14.1733,0.0982,14.1446,14.2254,141.9,151.5,152.2,16.0,PASS
blk_aligned_c2_nd,16384,64,512,8,96,14.1937,0.3166,13.8146,14.5215,132.8,151.3,157.5,16.0,PASS
blk_aligned_mt,16384,64,128,8,96,14.2300,0.2208,13.9992,14.5672,138.2,150.9,154.1,15.9,PASS
tiled_c2_nd,16384,16,32,8,96,14.2646,0.1771,14.2067,14.3627,134.5,150.5,151.6,15.9,PASS
blk_tiled_nd,16384,64,512,8,96,14.4753,0.2271,14.3807,14.7289,130.3,148.4,149.8,15.7,PASS
blk_naive_nd,16384,64,64,8,96,14.5545,1.0596,13.8107,15.3589,90.3,147.5,182.3,15.6,PASS
rm_blk_mt_nd,16384,64,64,8,96,14.7709,0.1054,14.6767,14.8760,137.3,145.4,146.8,15.4,PASS
blk_naive_c2_nd,16384,64,8,8,96,14.8801,0.2548,14.5720,15.1738,131.2,144.3,153.7,15.2,PASS
rm_blk_mt_nd,16384,64,16,8,96,14.9283,0.1834,14.7837,14.9804,129.2,143.9,145.6,15.2,PASS
blk_tiled,16384,64,32,8,96,15.0034,2.0835,13.1913,20.6846,100.2,143.1,169.5,15.1,PASS
rm_blk_mt_c2,16384,64,512,8,96,15.0173,0.3384,14.2051,15.0770,141.9,143.0,151.4,15.1,PASS
rm_blk_mt,16384,64,8,8,96,15.1136,0.4206,14.9149,16.0425,126.0,142.1,144.2,15.0,PASS
rm_blk_mt_c2,16384,64,8,4,96,15.2463,0.7365,13.8482,15.3143,117.8,140.9,155.7,14.9,PASS
rm_blk_mt_c2,16384,64,128,4,96,15.2397,0.1108,15.0718,15.3895,139.0,140.9,145.2,14.9,PASS
rm_blk_mt_c2,16384,64,256,16,96,15.2403,0.1089,15.1588,15.2855,132.1,140.9,141.9,14.9,PASS
rm_blk,16384,64,8,8,96,15.2523,0.2704,15.1546,15.8129,124.1,140.8,142.1,14.9,PASS
blk_naive_c2_nd,16384,64,64,8,96,15.3336,0.5339,14.5377,16.2355,127.9,140.1,151.4,14.8,PASS
rm_blk_mt_nd,16384,64,8,8,96,15.3726,0.3548,15.2002,15.4354,114.3,139.7,141.6,14.8,PASS
rm_blk_mt_nd,16384,64,32,8,96,15.3854,0.3641,14.5144,15.4796,130.5,139.6,148.3,14.7,PASS
rm_blk_mt_c2,16384,64,8,8,96,15.4181,0.1672,15.2796,15.6976,131.8,139.3,141.0,14.7,PASS
rm_blk_mt_c2,16384,64,64,16,96,15.4406,0.1045,15.3573,15.5252,131.5,139.1,140.5,14.7,PASS
rm_blk_nd,16384,64,8,8,96,15.4393,0.3655,15.3570,15.5685,112.7,139.1,140.0,14.7,PASS
rm_blk_nd,16384,64,64,8,96,15.4756,0.3897,15.4083,15.6108,112.9,138.8,140.0,14.7,PASS
rm_blk_c2,16384,64,8,8,96,15.5017,0.1337,15.2938,15.6863,133.9,138.5,141.2,14.6,PASS
blk_tiled,16384,64,16,8,96,15.6078,2.3771,14.7033,21.6252,95.5,137.6,155.9,14.5,PASS
rm_blk_mt_nd,16384,64,8,4,96,15.6989,0.8344,15.5751,16.0827,91.4,136.8,138.6,14.4,PASS
locbuf_blk_mt,16384,64,128,4,96,15.7080,0.1311,15.5338,15.8592,129.6,136.7,139.0,14.4,PASS
blk_aligned_mt_nd,16384,64,128,16,96,15.7817,0.0986,15.7263,15.8880,131.3,136.1,138.9,14.4,PASS
rm_blk_mt_nd,16384,64,128,8,96,15.8479,0.1213,15.7008,16.0280,129.8,135.5,137.4,14.3,PASS
blk_naive_c2_nd,16384,64,128,8,96,15.9568,0.8023,14.6799,17.5260,117.8,134.6,151.7,14.2,PASS
rm_blk_mt_c2,16384,64,32,16,96,15.9834,0.3708,15.9450,16.0634,110.2,134.4,134.8,14.2,PASS
blk_aligned_mt,16384,64,128,16,96,16.0997,0.1806,15.9990,16.5055,126.6,133.4,134.9,14.1,PASS
tiled_c2,16384,16,32,8,96,16.1755,0.0927,16.0860,16.2624,126.7,132.8,133.7,14.0,PASS
rm_blk_mt_c2,16384,64,512,16,96,16.2165,0.1693,16.1802,16.4718,121.3,132.4,132.9,14.0,PASS
rm_blk_mt_c2,16384,64,256,4,96,16.2451,0.1898,15.8216,16.4672,129.7,132.2,136.5,14.0,PASS
rm_blk_c2,16384,64,16,8,96,16.3782,0.0854,16.3439,16.4759,125.8,131.1,131.6,13.9,PASS
rm_blk_mt_c2_nd,16384,64,512,16,96,16.6052,0.1962,16.5743,16.6417,115.7,129.3,129.7,13.7,PASS
locbuf_blk_mt,16384,64,256,32,96,16.6193,0.1193,16.4822,16.7380,124.8,129.2,131.3,13.6,PASS
locbuf_blk_mt,16384,64,256,8,96,16.6383,0.3630,16.2764,17.0415,111.0,129.1,133.5,13.6,PASS
blk_aligned_mt,16384,64,256,32,96,16.6944,0.6860,16.4868,17.5169,93.3,128.6,130.5,13.6,PASS
rm_blk_mt_c2,16384,64,16,16,96,16.7399,0.2325,16.7003,16.8185,113.3,128.3,129.1,13.6,PASS
rm_blk_mt_c2,16384,64,512,4,96,16.7462,0.1784,16.3854,16.9555,125.2,128.2,132.1,13.5,PASS
tiled_nd,16384,64,32,8,96,16.7692,0.7484,16.7111,16.8378,88.7,128.1,129.1,13.5,PASS
rm_blk_mt,16384,64,32,4,96,16.7955,0.3303,16.6213,17.4182,122.7,127.9,129.4,13.5,PASS
locbuf_blk_mt,16384,64,256,16,96,16.8213,0.2027,16.5479,17.0798,122.0,127.7,131.9,13.5,PASS
locbuf_blk,16384,64,256,8,96,16.9826,0.4368,16.3665,17.5861,115.4,126.5,138.4,13.4,PASS
blk_tiled,16384,64,8,8,96,17.0263,0.6110,16.1384,17.8677,118.9,126.1,136.1,13.3,PASS
rm_blk,16384,64,16,8,96,17.1652,0.2883,17.1087,17.5079,108.6,125.1,126.0,13.2,PASS
rm_blk_mt,16384,64,16,16,96,17.1709,0.1426,17.0939,17.5414,120.8,125.1,125.8,13.2,PASS
rm_blk_mt,16384,64,64,16,96,17.2131,0.1570,17.1279,17.2936,117.1,124.8,125.6,13.2,PASS
locbuf_blk_mt_nd,16384,64,128,4,96,17.2047,0.1814,17.1079,17.3506,114.9,124.8,125.8,13.2,PASS
blk_aligned,16384,64,256,8,96,17.2826,0.2658,17.0348,17.5158,113.7,124.3,126.4,13.1,PASS
tiled,16384,16,32,8,96,17.3807,0.3114,17.3157,17.4592,105.2,123.6,124.1,13.1,PASS
blk_aligned_mt,16384,64,256,4,96,17.3692,0.4791,16.5011,17.9645,115.3,123.6,131.5,13.1,PASS
blk_aligned_c2,16384,64,512,8,96,17.4180,0.4288,16.9140,18.1341,116.4,123.3,133.0,13.0,PASS
tiled_nd,16384,16,32,8,96,17.4199,0.3619,17.3671,17.4820,102.1,123.3,123.9,13.0,PASS
blk_tiled,16384,64,128,8,96,17.6072,2.7959,14.9553,24.9105,75.0,122.0,163.9,12.9,PASS
rm_blk_mt,16384,64,32,16,96,17.5993,0.0891,17.5666,17.7156,116.8,122.0,123.3,12.9,PASS
rm_blk_mt_nd,16384,64,64,16,96,17.6577,0.8489,17.4992,17.8905,86.8,121.6,123.8,12.8,PASS
blk_aligned_mt_c2_nd,16384,64,512,16,96,17.6812,0.3389,17.0127,17.7967,110.0,121.5,126.9,12.8,PASS
blk_naive_c2,16384,64,8,8,96,17.9678,0.3079,17.5243,18.3835,109.8,119.5,125.6,12.6,PASS
rm_blk_mt_c2,16384,64,32,4,96,17.9987,1.8582,14.0506,18.2365,106.7,119.3,160.0,12.6,PASS
locbuf,16384,64,32,8,96,18.0370,0.5650,17.3866,18.5922,96.6,119.1,125.2,12.6,PASS
rm_blk_mt_c2,16384,64,512,32,96,18.3689,0.5976,18.2870,19.8858,97.6,116.9,117.6,12.3,PASS
rm_blk_mt,16384,64,8,4,96,18.5651,0.4129,18.3021,18.8230,113.5,115.7,132.1,12.2,PASS
blk_tiled,16384,64,256,8,96,18.6715,0.2703,18.6038,18.7982,100.8,115.0,115.5,12.1,PASS
locbuf_nd,16384,128,32,8,96,18.7159,0.7523,18.3845,19.4717,86.0,114.7,117.4,12.1,PASS
rm_blk_mt_nd,16384,64,128,16,96,18.7244,0.1684,18.6459,18.8779,106.4,114.7,115.6,12.1,PASS
rm_blk_mt_nd,16384,64,32,16,96,18.8136,0.1950,18.7721,18.8464,106.3,114.1,114.6,12.1,PASS
rm_blk_c2_nd,16384,64,128,8,96,18.8373,0.2964,18.7881,18.9447,98.6,114.0,114.5,12.0,PASS
locbuf_2buf_nd,16384,128,32,8,96,18.8888,0.3577,18.2532,19.0842,105.7,113.7,120.2,12.0,PASS
blk_aligned_mt_c2,16384,64,512,16,96,18.9837,0.2965,18.9096,19.2228,101.2,113.1,121.5,11.9,PASS
rm_blk_mt_c2_nd,16384,64,512,32,96,18.9957,0.2230,18.9401,19.0569,102.7,113.1,113.7,11.9,PASS
blk_tiled_nd,16384,64,256,8,96,19.1653,0.4191,19.0588,19.2461,92.5,112.1,113.0,11.8,PASS
locbuf,16384,128,32,8,96,19.2998,0.3894,19.0299,20.2844,104.0,111.3,114.3,11.8,PASS
rm_blk_mt_nd,16384,64,16,16,96,19.3596,0.3401,19.3105,19.4251,97.6,110.9,112.3,11.7,PASS
rm_blk_nd,16384,64,16,8,96,19.4409,0.2624,19.2902,19.5277,97.8,110.5,111.7,11.7,PASS
rm_blk_mt_nd,16384,64,32,32,96,19.4913,0.1948,19.3528,19.6627,103.5,110.2,111.6,11.6,PASS
rm_blk_nd,16384,64,32,8,96,19.5720,0.3069,19.4252,19.8558,98.9,109.7,111.4,11.6,PASS
locbuf_2buf,16384,128,32,8,96,20.0355,0.3234,19.5605,20.5931,102.9,107.2,111.3,11.3,PASS
tiled_c2_nd,16384,128,32,8,96,20.0729,0.6437,20.0402,20.2997,83.1,107.0,107.3,11.3,PASS
rm_blk_mt,16384,64,256,8,96,20.1119,0.1818,20.0353,20.2814,99.3,106.8,109.0,11.3,PASS
blk_aligned_mt,16384,64,256,8,96,20.1203,0.1441,19.9861,20.3647,103.2,106.7,107.8,11.3,PASS
rm_blk_mt_nd,16384,64,64,32,96,20.1958,0.6760,20.1146,20.3330,84.4,106.3,107.0,11.2,PASS
blk_naive_nd,16384,64,32,8,96,20.4068,0.8192,19.9531,20.8875,78.8,105.2,108.4,11.1,PASS
blk_aligned_mt_nd,16384,64,256,32,96,20.6558,0.3498,20.5988,21.6098,95.2,104.0,104.4,11.0,PASS
locbuf_blk_mt_nd,16384,64,256,16,96,20.8186,0.2167,20.6844,21.1124,97.5,103.2,104.0,10.9,PASS
blk_aligned_mt_nd,16384,64,256,4,96,20.8500,0.3432,20.7116,21.5997,94.8,103.0,104.6,10.9,PASS
locbuf_blk_mt_nd,16384,64,256,8,96,20.8540,0.2068,20.7076,21.0132,96.1,103.0,104.0,10.9,PASS
tiled_nd,16384,32,32,8,96,21.0341,0.3179,20.7541,21.2686,93.3,102.1,104.7,10.8,PASS
rm_blk_mt,16384,64,128,8,96,21.1597,0.1138,20.9764,21.3294,100.2,101.5,103.5,10.7,PASS
rm_blk_c2_nd,16384,64,256,8,96,21.1913,0.2735,21.1200,21.3948,90.6,101.3,102.7,10.7,PASS
locbuf_blk_mt_nd,16384,64,256,32,96,21.2631,0.3070,21.1711,22.3869,95.3,101.0,101.6,10.7,PASS
rm_blk_c2,16384,64,32,8,96,21.5785,0.2633,21.4634,21.8381,93.1,99.5,101.1,10.5,PASS
locbuf_blk_nd,16384,64,256,8,96,22.0718,0.1610,21.9537,22.4419,94.6,97.3,98.1,10.3,PASS
blk_naive_c2_nd,16384,64,32,8,96,22.2092,0.4456,21.9316,22.6075,81.9,96.7,98.5,10.2,PASS
tiled_c2,16384,32,32,8,96,22.2684,0.0514,22.1983,22.3573,95.8,96.4,97.4,10.2,PASS
rm_blk_mt_c2,16384,64,256,32,96,22.2751,1.0731,19.4122,23.2795,91.4,96.4,114.0,10.2,PASS
rm_blk_mt,16384,64,128,16,96,23.1055,0.2196,22.6257,23.2986,91.5,92.9,97.6,9.8,PASS
rm_blk_mt_nd,16384,64,256,8,96,23.2900,0.2141,23.1856,23.4395,86.9,92.2,92.9,9.7,PASS
blk_aligned_nd,16384,64,256,8,96,23.3493,0.3643,23.0417,23.8106,83.1,92.0,93.9,9.7,PASS
rm_blk_mt_c2,16384,64,32,32,96,23.4230,0.3555,23.2844,23.9928,89.2,91.7,102.3,9.7,PASS
rm_blk_c2_nd,16384,64,512,8,96,23.4905,1.2876,23.4455,23.5467,59.7,91.4,94.4,9.7,PASS
rm_blk_mt_nd,16384,64,128,32,96,23.7898,0.3966,23.5599,24.1202,80.5,90.3,91.5,9.5,PASS
blk_aligned_mt,16384,64,256,16,96,24.0519,0.9879,21.4463,24.9623,85.1,89.3,101.7,9.4,PASS
rm_blk_mt,16384,64,32,32,96,24.2963,0.1035,24.2437,24.3546,85.0,88.4,88.7,9.3,PASS
blk_tiled_nd,16384,64,16,8,96,24.5625,5.7702,10.7092,25.4293,82.0,87.4,202.3,9.2,PASS
blk_aligned_mt_nd,16384,64,256,8,96,24.5689,0.2380,24.3430,24.8238,83.1,87.4,89.0,9.2,PASS
rm_blk_mt,16384,64,128,4,96,24.7596,2.4213,23.7894,30.6896,62.7,86.7,90.7,9.2,PASS
rm_blk_mt_nd,16384,64,256,4,96,24.8766,0.4910,24.7887,25.0455,78.5,86.3,93.5,9.1,PASS
rm_blk_mt_c2,16384,64,64,32,96,24.9122,1.0316,24.7703,25.0539,85.5,86.2,122.7,9.1,PASS
rm_blk_mt,16384,64,256,16,96,24.9399,0.7068,24.8652,26.5931,76.2,86.1,88.9,9.1,PASS
tiled,16384,32,32,8,96,25.9385,1.0585,23.2965,26.0559,63.4,82.8,92.9,8.7,PASS
blk_aligned_mt_nd,16384,64,256,16,96,26.0988,0.4261,25.9025,27.0012,74.5,82.3,83.7,8.7,PASS
blk_naive_nd,16384,64,512,8,96,26.1656,0.5126,25.9064,26.5976,72.5,82.1,83.1,8.7,PASS
rm_blk_mt,16384,64,64,32,96,26.2275,0.7454,26.0394,26.3520,81.3,81.9,101.4,8.6,PASS
rm_blk_mt_c2,16384,64,128,32,96,26.7888,1.9913,19.2274,26.9485,79.0,80.2,119.3,8.5,PASS
rm_blk,16384,64,32,8,96,27.1524,0.6409,26.6568,27.2184,78.8,79.1,89.9,8.4,PASS
tiled_c2,16384,64,32,8,96,27.3526,1.2269,25.7148,29.0680,67.7,78.5,90.8,8.3,PASS
locbuf_blk_mt_nd,16384,64,512,8,96,27.7094,0.5802,26.3104,28.4608,70.2,77.5,82.4,8.2,PASS
rm_blk_mt_nd,16384,64,256,16,96,27.8503,1.1380,27.1457,28.3600,55.9,77.1,80.5,8.1,PASS
rm_blk_c2,16384,64,64,8,96,28.5418,0.5807,27.5306,29.3078,71.5,75.2,79.7,7.9,PASS
blk_tiled_nd,16384,64,32,8,96,28.7420,7.8719,8.6393,28.9818,72.7,74.7,249.7,7.9,PASS
locbuf_blk_mt_c2,16384,64,256,4,96,29.1116,0.4040,28.9708,29.3289,67.8,73.8,74.3,7.8,PASS
locbuf_blk_mt_nd,16384,64,512,16,96,29.2597,0.1836,29.0937,29.4013,70.3,73.4,74.1,7.8,PASS
blk_naive_nd,16384,64,16,8,96,29.3757,0.4601,28.3524,29.8667,70.0,73.1,77.1,7.7,PASS
locbuf_blk_mt,16384,64,512,8,96,29.6341,0.3329,29.1542,30.2394,69.9,72.5,74.8,7.7,PASS
rm_blk_nd,16384,64,128,8,96,29.9766,0.1506,29.8570,30.1067,69.0,71.6,73.1,7.6,PASS
rm_blk_mt,16384,64,256,4,96,30.1492,0.4660,29.8300,30.3435,69.4,71.2,82.1,7.5,PASS
blk_aligned_mt_c2_nd,16384,64,512,8,96,30.4442,0.2745,30.0991,30.7966,67.1,70.5,71.6,7.5,PASS
tiled_nd,16384,128,32,8,96,30.5972,0.1052,30.4818,30.7372,69.2,70.2,71.0,7.4,PASS
locbuf_blk_mt,16384,64,512,16,96,30.6358,0.3303,30.1767,31.2275,68.0,70.1,71.8,7.4,PASS
rm_blk_mt,16384,64,256,32,96,30.8743,0.4387,30.5772,31.7694,64.6,69.6,72.7,7.3,PASS
rm_blk_mt,16384,64,128,32,96,30.8943,3.1949,29.9726,41.5081,50.3,69.5,72.6,7.3,PASS
locbuf_blk_nd,16384,64,512,8,96,31.2232,0.2192,31.0023,31.4009,65.2,68.8,69.5,7.3,PASS
blk_aligned_mt,16384,64,512,4,96,31.3534,0.3467,30.9035,32.1110,65.6,68.5,69.9,7.2,PASS
blk_aligned_mt_nd,16384,64,512,32,96,31.3758,0.1262,31.2777,31.5056,66.8,68.4,68.8,7.2,PASS
blk_aligned_mt_c2,16384,64,512,8,96,31.7027,0.2035,31.6372,31.8903,64.0,67.7,68.1,7.2,PASS
blk_aligned_mt_nd,16384,64,512,4,96,31.7956,0.2307,31.5003,32.1433,65.4,67.5,68.8,7.1,PASS
rm_blk_c2,16384,64,256,8,96,32.1798,0.7633,30.9654,33.4216,63.2,66.7,71.3,7.0,PASS
blk_aligned_mt,16384,64,512,32,96,32.6137,0.2857,32.3425,32.8773,63.3,65.8,67.4,7.0,PASS
rm_blk_c2,16384,64,512,8,96,32.7433,1.0397,31.5696,34.5632,60.9,65.6,69.0,6.9,PASS
locbuf_blk_mt,16384,64,512,32,96,33.0214,0.5948,32.5465,33.5133,56.3,65.0,66.8,6.9,PASS
rm_blk_mt_nd,16384,64,256,32,96,33.2746,0.6695,32.7840,33.4346,60.7,64.5,76.2,6.8,PASS
tiled,16384,64,32,8,96,33.3247,1.4630,30.1749,34.2936,61.0,64.4,81.6,6.8,PASS
locbuf_blk,16384,64,512,8,96,34.1206,0.2774,33.6805,34.5642,61.8,62.9,64.1,6.6,PASS
rm_blk,16384,64,64,8,96,34.6012,1.5626,31.2918,35.4715,60.0,62.1,76.2,6.6,PASS
blk_naive_c2_nd,16384,64,16,8,96,34.6001,0.1981,34.4577,34.8026,59.3,62.1,62.4,6.6,PASS
blk_naive_c2,16384,64,512,8,96,35.0122,1.0949,34.5593,36.1551,51.6,61.3,69.7,6.5,PASS
locbuf_blk_mt_c2_nd,16384,64,256,4,96,36.1059,0.2608,36.0395,36.2192,55.6,59.5,59.6,6.3,PASS
locbuf_blk_mt_nd,16384,64,512,32,96,36.1611,0.7966,35.3527,37.9171,55.6,59.4,62.0,6.3,PASS
blk_naive_c2_nd,16384,64,512,8,96,36.8654,0.4622,36.7358,37.1147,52.0,58.3,59.2,6.2,PASS
rm_blk_mt_nd,16384,64,512,4,96,37.7237,0.3575,37.0946,38.1114,53.8,56.9,58.5,6.0,PASS
blk_naive,16384,64,512,8,96,38.2388,0.8289,37.9636,38.5290,47.1,56.2,56.9,5.9,PASS
blk_naive_c2_nd,16384,64,256,8,96,40.8287,0.2745,40.3665,41.3100,51.8,52.6,53.4,5.6,PASS
rm_blk_nd,16384,64,256,8,96,40.8224,0.2187,40.7686,40.8911,52.1,52.6,55.5,5.6,PASS
blk_tiled_nd,16384,64,128,8,96,40.9205,12.1180,9.7561,44.0061,47.2,52.5,225.7,5.5,PASS
rm_blk_mt,16384,64,512,8,96,41.8324,0.4928,41.6596,42.3717,46.4,51.3,52.5,5.4,PASS
blk_naive_nd,16384,64,256,8,96,42.1208,0.9065,40.7775,43.4865,49.0,51.0,53.5,5.4,PASS
tiled_c2,16384,128,32,8,96,42.3473,2.3793,38.7461,46.4993,44.9,50.7,57.2,5.4,PASS
rm_blk_c2,16384,64,128,8,96,42.6987,1.2593,41.8462,45.3197,45.6,50.3,56.9,5.3,PASS
locbuf_blk_mt,16384,64,256,4,96,44.2647,0.1543,44.0847,44.5587,47.8,48.5,48.9,5.1,PASS
locbuf_blk_mt_nd,16384,64,256,4,96,46.1457,0.1961,46.0279,46.3334,44.9,46.5,46.8,4.9,PASS
naive_c2_nd,16384,64,32,8,96,46.4804,1.2652,44.5007,48.8815,43.0,46.2,48.9,4.9,PASS
blk_aligned,16384,64,512,8,96,47.1405,1.0027,45.8177,49.0168,43.5,45.6,47.8,4.8,PASS
rm_blk,16384,64,256,8,96,48.3756,3.6869,46.0806,58.1217,32.1,44.4,47.2,4.7,PASS
rm_blk_mt_nd,16384,64,512,8,96,49.0256,3.3863,45.7174,55.1384,37.9,43.8,47.7,4.6,PASS
blk_aligned_nd,16384,64,512,8,96,49.6422,1.9587,46.6014,52.8376,38.9,43.3,47.4,4.6,PASS
blk_naive,16384,64,16,8,96,49.7429,1.1925,48.6894,52.5834,39.0,43.2,44.3,4.6,PASS
rm_blk_mt,16384,64,512,16,96,49.9668,0.2999,49.1436,50.1236,42.8,43.0,44.5,4.5,PASS
naive_nd,16384,64,32,8,96,51.8106,0.9307,50.0348,53.0363,40.2,41.4,43.6,4.4,PASS
naive_c2,16384,64,32,8,96,52.8976,3.1746,48.5129,59.2642,35.2,40.6,47.0,4.3,PASS
rm_blk_mt_nd,16384,64,512,16,96,53.5814,0.3334,53.1026,53.7152,39.9,40.1,41.6,4.2,PASS
blk_aligned_mt,16384,64,512,16,96,54.4919,0.3501,54.2259,55.0026,37.6,39.4,39.7,4.2,PASS
naive,16384,64,32,8,96,55.2304,2.1845,52.8146,59.5402,34.9,38.9,42.5,4.1,PASS
rm_blk_mt_nd,16384,64,512,32,96,56.2577,0.6362,56.1800,57.4553,35.2,38.2,38.3,4.0,PASS
tiled,16384,128,32,8,96,56.3615,2.8511,53.7256,62.8432,32.6,38.1,40.6,4.0,PASS
blk_naive_c2,16384,64,16,8,96,56.6024,2.3949,54.0387,62.7800,33.4,37.9,40.3,4.0,PASS
rm_blk_mt,16384,64,512,4,96,58.3991,3.3349,51.4914,61.1013,35.0,36.8,42.2,3.9,PASS
rm_blk,16384,64,128,8,96,60.7361,1.9190,59.4049,64.8452,30.4,35.4,36.3,3.7,PASS
blk_naive,16384,64,64,8,96,61.3825,0.4823,60.7730,62.1188,33.9,35.0,35.6,3.7,PASS
rm_blk_mt,16384,64,512,32,96,62.3615,1.5479,59.6773,65.0894,32.0,34.4,36.4,3.6,PASS
blk_naive,16384,64,256,8,96,63.4537,0.5604,62.5913,64.3814,33.1,33.8,34.4,3.6,PASS
blk_naive_c2,16384,64,64,8,96,65.8914,1.3131,62.8765,67.0093,30.9,32.6,34.3,3.4,PASS
locbuf_blk_mt_c2,16384,64,512,4,96,66.4670,0.7592,66.4180,66.9534,29.2,32.3,32.4,3.4,PASS
locbuf_blk_mt_c2_nd,16384,64,512,4,96,67.6802,0.3278,67.5795,68.3992,30.7,31.7,31.8,3.4,PASS
rm_blk_nd,16384,64,512,8,96,68.8449,0.4396,68.3566,69.5211,30.0,31.2,31.4,3.3,PASS
blk_naive_c2,16384,64,32,8,96,70.5118,1.2089,68.7547,72.7822,28.8,30.5,31.6,3.2,PASS
blk_naive_c2,16384,64,256,8,96,79.9634,0.6965,78.8976,81.1452,26.1,26.9,27.4,2.8,PASS
blk_naive,16384,64,32,8,96,82.9619,1.4385,81.0008,85.6467,24.6,25.9,27.0,2.7,PASS
blk_aligned_mt_nd,16384,64,512,16,96,82.8402,3.9005,82.5650,83.3822,25.3,25.9,39.3,2.7,PASS
rm_blk,16384,64,512,8,96,90.7851,3.8056,89.1673,101.9081,20.5,23.7,24.4,2.5,PASS
blk_aligned_mt_nd,16384,64,512,8,96,93.1022,0.2594,92.8053,93.4276,22.8,23.1,23.4,2.4,PASS
blk_naive,16384,64,128,8,96,94.1474,1.1280,93.1607,96.7183,22.1,22.8,23.3,2.4,PASS
blk_aligned_mt,16384,64,512,8,96,94.6786,0.2846,94.3652,95.0153,22.2,22.7,22.8,2.4,PASS
blk_naive_c2,16384,64,128,8,96,101.0491,0.5983,100.5266,102.1490,20.7,21.3,21.5,2.2,PASS
locbuf_blk_mt,16384,64,512,4,96,194.5054,0.4677,194.0066,195.5182,10.9,11.0,11.1,1.2,PASS
locbuf_blk_mt_nd,16384,64,512,4,96,198.7824,0.2913,198.5242,199.2603,10.7,10.8,10.8,1.1,PASS
