P,layout,run,ms,gbps
3,AoS,0,4.589081,467.95
3,AoS,1,2.835989,757.22
3,AoS,2,3.288031,653.12
3,AoS,3,8.727789,246.05
3,AoS,4,7.991076,268.73
3,AoS,5,8.420944,255.02
3,AoS,6,2.882957,744.89
3,AoS,7,2.879143,745.87
3,AoS,8,2.861977,750.35
3,AoS,9,2.848148,753.99
3,AoS,10,2.871990,747.73
3,AoS,11,2.852201,752.92
3,AoS,12,2.850056,753.49
3,AoS,13,2.861977,750.35
3,AoS,14,2.861977,750.35
3,AoS,15,2.846003,754.56
3,AoS,16,2.873898,747.23
3,AoS,17,2.908945,738.23
3,AoS,18,2.857924,751.41
3,AoS,19,2.870083,748.23
3,AoS,20,2.857924,751.41
3,AoS,21,2.876043,746.68
3,AoS,22,2.853155,752.67
3,AoS,23,2.867937,748.79
3,AoS,24,2.896070,741.51
3,AoS,25,2.882957,744.89
3,AoS,26,2.856016,751.91
3,AoS,27,2.902031,739.99
3,AoS,28,3.273010,656.12
3,AoS,29,2.859831,750.91
3,AoS,30,2.869844,748.29
3,AoS,31,2.851009,753.23
3,AoS,32,3.830910,560.57
3,AoS,33,2.858162,751.35
3,AoS,34,2.860069,750.85
3,AoS,35,2.883911,744.64
3,AoS,36,16.531944,129.90
3,AoS,37,2.882957,744.89
3,AoS,38,2.880096,745.63
3,AoS,39,2.861977,750.35
3,AoS,40,2.874851,746.99
3,AoS,41,2.881050,745.38
3,AoS,42,2.868891,748.54
3,AoS,43,2.873898,747.23
3,AoS,44,10.562897,203.30
3,AoS,45,2.861977,750.35
3,AoS,46,2.866983,749.04
3,AoS,47,3.016949,711.80
3,AoS,48,2.866030,749.29
3,AoS,49,2.861023,750.60
3,SoA,0,1.442909,1488.30
3,SoA,1,1.461983,1468.88
3,SoA,2,1.450062,1480.95
3,SoA,3,1.476049,1454.88
3,SoA,4,1.434088,1497.45
3,SoA,5,1.428127,1503.70
3,SoA,6,1.418829,1513.55
3,SoA,7,1.485109,1446.00
3,SoA,8,1.430988,1500.69
3,SoA,9,1.461983,1468.88
3,SoA,10,1.466990,1463.87
3,SoA,11,5.975962,359.35
3,SoA,12,1.452923,1478.04
3,SoA,13,1.597881,1343.95
3,SoA,14,1.413107,1519.68
3,SoA,15,1.420975,1511.27
3,SoA,16,1.426935,1504.96
3,SoA,17,1.427174,1504.71
3,SoA,18,1.431942,1499.69
3,SoA,19,1.424074,1507.98
3,SoA,20,1.405954,1527.41
3,SoA,21,1.449823,1481.20
3,SoA,22,1.416922,1515.59
3,SoA,23,1.425982,1505.96
3,SoA,24,1.423120,1508.99
3,SoA,25,1.437902,1493.48
3,SoA,26,1.423120,1508.99
3,SoA,27,1.432896,1498.70
3,SoA,28,1.425028,1506.97
3,SoA,29,1.420021,1512.28
3,SoA,30,1.417875,1514.57
3,SoA,31,1.431227,1500.44
3,SoA,32,1.422167,1510.00
3,SoA,33,1.420975,1511.27
3,SoA,34,6.050825,354.91
3,SoA,35,1.425982,1505.96
3,SoA,36,1.458168,1472.72
3,SoA,37,1.426935,1504.96
3,SoA,38,1.424074,1507.98
3,SoA,39,1.421928,1510.26
3,SoA,40,1.434088,1497.45
3,SoA,41,1.413822,1518.91
3,SoA,42,1.394987,1539.42
3,SoA,43,1.425028,1506.97
3,SoA,44,1.406908,1526.38
3,SoA,45,1.410007,1523.02
3,SoA,46,1.418114,1514.32
3,SoA,47,1.438141,1493.23
3,SoA,48,1.427174,1504.71
3,SoA,49,3.817797,562.49
3,AoSoA-16,0,1.414776,1517.89
3,AoSoA-16,1,1.514196,1418.23
3,AoSoA-16,2,1.533985,1399.93
3,AoSoA-16,3,1.563072,1373.88
3,AoSoA-16,4,1.574993,1363.48
3,AoSoA-16,5,2.096176,1024.47
3,AoSoA-16,6,9.501934,226.00
3,AoSoA-16,7,2.133131,1006.72
3,AoSoA-16,8,1.585960,1354.05
3,AoSoA-16,9,1.569033,1368.66
3,AoSoA-16,10,1.586199,1353.85
3,AoSoA-16,11,1.556873,1379.35
3,AoSoA-16,12,1.594067,1347.17
3,AoSoA-16,13,1.584053,1355.68
3,AoSoA-16,14,1.589060,1351.41
3,AoSoA-16,15,1.575947,1362.66
3,AoSoA-16,16,1.566887,1370.54
3,AoSoA-16,17,1.596928,1344.75
3,AoSoA-16,18,1.569033,1368.66
3,AoSoA-16,19,1.574039,1364.31
3,AoSoA-16,20,1.605034,1337.96
3,AoSoA-16,21,1.559973,1376.61
3,AoSoA-16,22,1.568079,1369.49
3,AoSoA-16,23,2.479076,866.24
3,AoSoA-16,24,1.592159,1348.78
3,AoSoA-16,25,1.564980,1372.21
3,AoSoA-16,26,1.562119,1374.72
3,AoSoA-16,27,1.587152,1353.04
3,AoSoA-16,28,1.589060,1351.41
3,AoSoA-16,29,1.574993,1363.48
3,AoSoA-16,30,1.597881,1343.95
3,AoSoA-16,31,1.546860,1388.28
3,AoSoA-16,32,1.577139,1361.63
3,AoSoA-16,33,1.558065,1378.30
3,AoSoA-16,34,1.616955,1328.10
3,AoSoA-16,35,1.568079,1369.49
3,AoSoA-16,36,1.570940,1367.00
3,AoSoA-16,37,3.592968,597.69
3,AoSoA-16,38,1.865864,1150.93
3,AoSoA-16,39,1.582861,1356.71
3,AoSoA-16,40,1.570940,1367.00
3,AoSoA-16,41,1.594067,1347.17
3,AoSoA-16,42,1.599073,1342.95
3,AoSoA-16,43,1.567125,1370.33
3,AoSoA-16,44,1.586914,1353.24
3,AoSoA-16,45,1.568079,1369.49
3,AoSoA-16,46,1.584053,1355.68
3,AoSoA-16,47,4.121065,521.10
3,AoSoA-16,48,1.558065,1378.30
3,AoSoA-16,49,2.727985,787.20
3,AoSoA-64,0,1.796007,1195.69
3,AoSoA-64,1,1.863003,1152.70
3,AoSoA-64,2,1.874924,1145.37
3,AoSoA-64,3,1.893997,1133.83
3,AoSoA-64,4,1.913071,1122.53
3,AoSoA-64,5,1.896143,1132.55
3,AoSoA-64,6,4.570007,469.91
3,AoSoA-64,7,1.917124,1120.15
3,AoSoA-64,8,1.883984,1139.86
3,AoSoA-64,9,1.877069,1144.06
3,AoSoA-64,10,2.276182,943.46
3,AoSoA-64,11,1.921177,1117.79
3,AoSoA-64,12,1.892090,1134.98
3,AoSoA-64,13,1.886845,1138.13
3,AoSoA-64,14,1.919985,1118.49
3,AoSoA-64,15,1.884222,1139.71
3,AoSoA-64,16,1.873970,1145.95
3,AoSoA-64,17,1.878023,1143.48
3,AoSoA-64,18,1.893997,1133.83
3,AoSoA-64,19,1.912117,1123.09
3,AoSoA-64,20,2.997875,716.33
3,AoSoA-64,21,5.521059,388.96
3,AoSoA-64,22,1.863003,1152.70
3,AoSoA-64,23,1.883030,1140.44
3,AoSoA-64,24,1.904964,1127.30
3,AoSoA-64,25,1.901150,1129.57
3,AoSoA-64,26,1.889944,1136.26
3,AoSoA-64,27,1.869917,1148.43
3,AoSoA-64,28,1.881838,1141.16
3,AoSoA-64,29,1.915932,1120.85
3,AoSoA-64,30,1.867056,1150.19
3,AoSoA-64,31,1.867056,1150.19
3,AoSoA-64,32,1.899004,1130.84
3,AoSoA-64,33,1.873970,1145.95
3,AoSoA-64,34,1.877069,1144.06
3,AoSoA-64,35,1.882792,1140.58
3,AoSoA-64,36,2.686977,799.22
3,AoSoA-64,37,1.886129,1138.56
3,AoSoA-64,38,1.890898,1135.69
3,AoSoA-64,39,1.907110,1126.04
3,AoSoA-64,40,1.875162,1145.22
3,AoSoA-64,41,6.863117,312.90
3,AoSoA-64,42,1.881838,1141.16
3,AoSoA-64,43,1.977921,1085.72
3,AoSoA-64,44,1.863003,1152.70
3,AoSoA-64,45,1.850128,1160.72
3,AoSoA-64,46,1.859903,1154.62
3,AoSoA-64,47,1.883030,1140.44
3,AoSoA-64,48,1.883030,1140.44
3,AoSoA-64,49,1.905918,1126.74
3,AoSoA-128,0,1.729012,1242.02
3,AoSoA-128,1,2.024889,1060.54
3,AoSoA-128,2,1.791954,1198.40
3,AoSoA-128,3,1.820087,1179.87
3,AoSoA-128,4,1.807928,1187.81
3,AoSoA-128,5,1.816034,1182.51
3,AoSoA-128,6,1.793861,1197.12
3,AoSoA-128,7,1.797915,1194.43
3,AoSoA-128,8,1.799822,1193.16
3,AoSoA-128,9,1.804113,1190.32
3,AoSoA-128,10,1.816034,1182.51
3,AoSoA-128,11,1.806974,1188.44
3,AoSoA-128,12,1.809120,1187.03
3,AoSoA-128,13,7.992029,268.70
3,AoSoA-128,14,1.821041,1179.26
3,AoSoA-128,15,1.782894,1204.49
3,AoSoA-128,16,1.802921,1191.11
3,AoSoA-128,17,1.806021,1189.06
3,AoSoA-128,18,1.821041,1179.26
3,AoSoA-128,19,1.800060,1193.00
3,AoSoA-128,20,1.839161,1167.64
3,AoSoA-128,21,1.811981,1185.15
3,AoSoA-128,22,1.785994,1202.40
3,AoSoA-128,23,1.788855,1200.48
3,AoSoA-128,24,1.828909,1174.18
3,AoSoA-128,25,1.797199,1194.90
3,AoSoA-128,26,9.732008,220.66
3,AoSoA-128,27,1.841068,1166.43
3,AoSoA-128,28,1.834154,1170.83
3,AoSoA-128,29,1.811028,1185.78
3,AoSoA-128,30,1.795769,1195.85
3,AoSoA-128,31,1.818895,1180.65
3,AoSoA-128,32,1.811028,1185.78
3,AoSoA-128,33,1.826048,1176.02
3,AoSoA-128,34,1.826048,1176.02
3,AoSoA-128,35,1.820087,1179.87
3,AoSoA-128,36,1.799107,1193.63
3,AoSoA-128,37,7.838964,273.95
3,AoSoA-128,38,1.801014,1192.37
3,AoSoA-128,39,3.057957,702.26
3,AoSoA-128,40,1.814127,1183.75
3,AoSoA-128,41,1.785994,1202.40
3,AoSoA-128,42,1.817942,1181.27
3,AoSoA-128,43,1.803160,1190.95
3,AoSoA-128,44,1.828909,1174.18
3,AoSoA-128,45,1.838923,1167.79
3,AoSoA-128,46,1.832962,1171.59
3,AoSoA-128,47,1.817942,1181.27
3,AoSoA-128,48,1.806974,1188.44
3,AoSoA-128,49,1.831055,1172.81
3,AoSoA-512,0,1.654148,1298.24
3,AoSoA-512,1,1.713037,1253.61
3,AoSoA-512,2,1.752138,1225.63
3,AoSoA-512,3,1.765966,1216.03
3,AoSoA-512,4,1.756191,1222.80
3,AoSoA-512,5,9.186983,233.75
3,AoSoA-512,6,5.849123,367.14
3,AoSoA-512,7,1.761913,1218.83
3,AoSoA-512,8,1.772881,1211.29
3,AoSoA-512,9,2.273083,944.74
3,AoSoA-512,10,1.735210,1237.59
3,AoSoA-512,11,1.761913,1218.83
3,AoSoA-512,12,1.745939,1229.98
3,AoSoA-512,13,1.795053,1196.33
3,AoSoA-512,14,1.747847,1228.64
3,AoSoA-512,15,1.749039,1227.80
3,AoSoA-512,16,1.763105,1218.01
3,AoSoA-512,17,1.741886,1232.84
3,AoSoA-512,18,1.750946,1226.47
3,AoSoA-512,19,1.775026,1209.83
3,AoSoA-512,20,1.765013,1216.69
3,AoSoA-512,21,1.773119,1211.13
3,AoSoA-512,22,1.766920,1215.38
3,AoSoA-512,23,1.760960,1219.49
3,AoSoA-512,24,1.752138,1225.63
3,AoSoA-512,25,30.437946,70.55
3,AoSoA-512,26,1.760006,1220.15
3,AoSoA-512,27,1.797915,1194.43
3,AoSoA-512,28,1.774073,1210.48
3,AoSoA-512,29,1.754045,1224.30
3,AoSoA-512,30,1.748085,1228.47
3,AoSoA-512,31,1.741886,1232.84
3,AoSoA-512,32,1.754999,1223.63
3,AoSoA-512,33,1.801014,1192.37
3,AoSoA-512,34,9.887218,217.20
3,AoSoA-512,35,1.760006,1220.15
3,AoSoA-512,36,1.783848,1203.84
3,AoSoA-512,37,1.775980,1209.18
3,AoSoA-512,38,1.746893,1229.31
3,AoSoA-512,39,1.792908,1197.76
3,AoSoA-512,40,1.750946,1226.47
3,AoSoA-512,41,1.770973,1212.60
3,AoSoA-512,42,1.791000,1199.04
3,AoSoA-512,43,1.773834,1210.64
3,AoSoA-512,44,1.761913,1218.83
3,AoSoA-512,45,1.851797,1159.67
3,AoSoA-512,46,5.141020,417.71
3,AoSoA-512,47,1.760960,1219.49
3,AoSoA-512,48,1.807928,1187.81
3,AoSoA-512,49,1.767874,1214.72
6,AoS,0,4.647017,462.11
6,AoS,1,2.892017,742.54
6,AoS,2,2.887964,743.59
6,AoS,3,3.360033,639.12
6,AoS,4,2.884865,744.39
6,AoS,5,2.902031,739.98
6,AoS,6,4.267931,503.16
6,AoS,7,2.948999,728.20
6,AoS,8,2.912998,737.20
6,AoS,9,2.921820,734.97
6,AoS,10,2.941132,730.14
6,AoS,11,2.898932,740.77
6,AoS,12,2.910852,737.74
6,AoS,13,2.928019,733.41
6,AoS,14,2.926111,733.89
6,AoS,15,2.897024,741.26
6,AoS,16,2.899170,740.71
6,AoS,17,2.895117,741.75
6,AoS,18,2.878904,745.93
6,AoS,19,2.876997,746.42
6,AoS,20,2.948046,728.43
6,AoS,21,2.902031,739.98
6,AoS,22,2.898932,740.77
6,AoS,23,9.684086,221.75
6,AoS,24,5.977869,359.23
6,AoS,25,6.435871,333.67
6,AoS,26,2.908945,738.22
6,AoS,27,2.894878,741.81
6,AoS,28,3.606081,595.51
6,AoS,29,2.897978,741.02
6,AoS,30,2.887011,743.83
6,AoS,31,2.880096,745.62
6,AoS,32,2.862930,750.09
6,AoS,33,2.902985,739.74
6,AoS,34,2.903938,739.50
6,AoS,35,2.890825,742.85
6,AoS,36,2.892971,742.30
6,AoS,37,11.288881,190.23
6,AoS,38,7.060051,304.17
6,AoS,39,2.905130,739.19
6,AoS,40,2.922058,734.91
6,AoS,41,3.295898,651.55
6,AoS,42,2.877951,746.17
6,AoS,43,2.879858,745.68
6,AoS,44,2.887964,743.59
6,AoS,45,2.949953,727.96
6,AoS,46,2.893925,742.05
6,AoS,47,2.931833,732.46
6,AoS,48,10.015011,214.42
6,AoS,49,2.996922,716.55
6,SoA,0,1.528978,1404.50
6,SoA,1,1.505852,1426.07
6,SoA,2,1.503944,1427.88
6,SoA,3,1.477957,1452.99
6,SoA,4,1.488924,1442.28
6,SoA,5,1.524210,1408.89
6,SoA,6,1.482010,1449.01
6,SoA,7,1.461029,1469.82
6,SoA,8,1.502991,1428.79
6,SoA,9,1.486063,1445.06
6,SoA,10,1.471996,1458.87
6,SoA,11,1.477003,1453.92
6,SoA,12,1.469851,1461.00
6,SoA,13,1.487017,1444.13
6,SoA,14,1.458883,1471.98
6,SoA,15,1.478910,1452.05
6,SoA,16,21.717072,98.88
6,SoA,17,3.051043,703.84
6,SoA,18,1.471996,1458.87
6,SoA,19,2.724886,788.09
6,SoA,20,1.433849,1497.68
6,SoA,21,1.451969,1478.99
6,SoA,22,1.518011,1414.65
6,SoA,23,1.493931,1437.45
6,SoA,24,1.455069,1475.84
6,SoA,25,1.483202,1447.85
6,SoA,26,1.443863,1487.30
6,SoA,27,1.472950,1457.93
6,SoA,28,1.479149,1451.82
6,SoA,29,1.492023,1439.29
6,SoA,30,2.367020,907.24
6,SoA,31,1.465082,1465.75
6,SoA,32,1.483202,1447.85
6,SoA,33,1.452923,1478.02
6,SoA,34,1.471996,1458.87
6,SoA,35,1.507998,1424.04
6,SoA,36,1.487017,1444.13
6,SoA,37,1.483917,1447.15
6,SoA,38,1.463175,1467.67
6,SoA,39,1.471996,1458.87
6,SoA,40,2.297878,934.54
6,SoA,41,1.423120,1508.97
6,SoA,42,2.181053,984.59
6,SoA,43,4.677057,459.15
6,SoA,44,1.503944,1427.88
6,SoA,45,1.466990,1463.85
6,SoA,46,1.448870,1482.16
6,SoA,47,1.477003,1453.92
6,SoA,48,1.463890,1466.95
6,SoA,49,1.425028,1506.95
6,AoSoA-16,0,1.454115,1476.81
6,AoSoA-16,1,1.591921,1348.97
6,AoSoA-16,2,1.597881,1343.94
6,AoSoA-16,3,1.582861,1356.69
6,AoSoA-16,4,1.600027,1342.13
6,AoSoA-16,5,1.580954,1358.33
6,AoSoA-16,6,1.578093,1360.79
6,AoSoA-16,7,1.587868,1352.41
6,AoSoA-16,8,1.785040,1203.03
6,AoSoA-16,9,1.581192,1358.12
6,AoSoA-16,10,1.584053,1355.67
6,AoSoA-16,11,1.572847,1365.33
6,AoSoA-16,12,1.616955,1328.08
6,AoSoA-16,13,1.601219,1341.13
6,AoSoA-16,14,1.599073,1342.93
6,AoSoA-16,15,1.592875,1348.16
6,AoSoA-16,16,1.616001,1328.87
6,AoSoA-16,17,1.583099,1356.49
6,AoSoA-16,18,1.602173,1340.34
6,AoSoA-16,19,7.348061,292.25
6,AoSoA-16,20,1.618147,1327.11
6,AoSoA-16,21,1.612186,1332.01
6,AoSoA-16,22,1.624107,1322.23
6,AoSoA-16,23,1.623154,1323.01
6,AoSoA-16,24,1.598120,1343.74
6,AoSoA-16,25,1.625061,1321.46
6,AoSoA-16,26,1.581907,1357.51
6,AoSoA-16,27,1.630068,1317.40
6,AoSoA-16,28,1.607895,1335.57
6,AoSoA-16,29,6.963968,308.37
6,AoSoA-16,30,6.758928,317.72
6,AoSoA-16,31,1.577854,1360.99
6,AoSoA-16,32,1.627922,1319.14
6,AoSoA-16,33,1.585960,1354.04
6,AoSoA-16,34,1.574993,1363.47
6,AoSoA-16,35,1.617908,1327.30
6,AoSoA-16,36,1.571894,1366.16
6,AoSoA-16,37,1.593113,1347.96
6,AoSoA-16,38,2.067089,1038.88
6,AoSoA-16,39,5.210876,412.11
6,AoSoA-16,40,1.572132,1365.95
6,AoSoA-16,41,1.584053,1355.67
6,AoSoA-16,42,1.588821,1351.60
6,AoSoA-16,43,1.641989,1307.84
6,AoSoA-16,44,1.610994,1333.00
6,AoSoA-16,45,1.615763,1329.06
6,AoSoA-16,46,1.615047,1329.65
6,AoSoA-16,47,1.624107,1322.23
6,AoSoA-16,48,2.518892,852.54
6,AoSoA-16,49,6.040096,355.53
6,AoSoA-64,0,1.811028,1185.76
6,AoSoA-64,1,1.849174,1161.30
6,AoSoA-64,2,2.599955,825.96
6,AoSoA-64,3,1.896143,1132.54
6,AoSoA-64,4,1.902103,1128.99
6,AoSoA-64,5,4.384041,489.83
6,AoSoA-64,6,1.911163,1123.64
6,AoSoA-64,7,1.904964,1127.29
6,AoSoA-64,8,1.887083,1137.97
6,AoSoA-64,9,1.843929,1164.61
6,AoSoA-64,10,1.867056,1150.18
6,AoSoA-64,11,1.929998,1112.67
6,AoSoA-64,12,3.192186,672.72
6,AoSoA-64,13,1.920938,1117.92
6,AoSoA-64,14,1.888037,1137.40
6,AoSoA-64,15,1.876116,1144.63
6,AoSoA-64,16,1.886129,1138.55
6,AoSoA-64,17,1.882076,1141.00
6,AoSoA-64,18,8.699179,246.86
6,AoSoA-64,19,3.249884,660.78
6,AoSoA-64,20,5.956173,360.54
6,AoSoA-64,21,6.042957,355.36
6,AoSoA-64,22,1.849174,1161.30
6,AoSoA-64,23,1.888990,1136.82
6,AoSoA-64,24,1.891851,1135.11
6,AoSoA-64,25,1.869917,1148.42
6,AoSoA-64,26,1.893997,1133.82
6,AoSoA-64,27,1.851082,1160.11
6,AoSoA-64,28,1.878977,1142.88
6,AoSoA-64,29,1.883030,1140.42
6,AoSoA-64,30,1.885176,1139.13
6,AoSoA-64,31,1.873970,1145.94
6,AoSoA-64,32,1.883030,1140.42
6,AoSoA-64,33,3.764868,570.39
6,AoSoA-64,34,1.863003,1152.68
6,AoSoA-64,35,1.883984,1139.85
6,AoSoA-64,36,1.888037,1137.40
6,AoSoA-64,37,2.559900,838.88
6,AoSoA-64,38,1.888990,1136.82
6,AoSoA-64,39,1.924992,1115.56
6,AoSoA-64,40,1.874924,1145.35
6,AoSoA-64,41,1.899958,1130.26
6,AoSoA-64,42,1.891136,1135.53
6,AoSoA-64,43,1.893044,1134.39
6,AoSoA-64,44,1.867056,1150.18
6,AoSoA-64,45,1.888990,1136.82
6,AoSoA-64,46,3.062010,701.32
6,AoSoA-64,47,1.897097,1131.97
6,AoSoA-64,48,1.873970,1145.94
6,AoSoA-64,49,4.673958,459.45
6,AoSoA-128,0,1.734018,1238.42
6,AoSoA-128,1,1.784801,1203.19
6,AoSoA-128,2,1.864195,1151.95
6,AoSoA-128,3,1.904964,1127.29
6,AoSoA-128,4,1.878977,1142.88
6,AoSoA-128,5,1.877069,1144.04
6,AoSoA-128,6,3.360987,638.93
6,AoSoA-128,7,1.840115,1167.02
6,AoSoA-128,8,10.311127,208.27
6,AoSoA-128,9,1.816988,1181.87
6,AoSoA-128,10,1.878023,1143.46
6,AoSoA-128,11,1.854897,1157.72
6,AoSoA-128,12,1.871109,1147.69
6,AoSoA-128,13,1.880169,1142.16
6,AoSoA-128,14,1.845837,1163.40
6,AoSoA-128,15,1.868963,1149.01
6,AoSoA-128,16,1.866102,1150.77
6,AoSoA-128,17,1.868010,1149.59
6,AoSoA-128,18,1.878977,1142.88
6,AoSoA-128,19,1.984119,1082.32
6,AoSoA-128,20,5.522013,388.89
6,AoSoA-128,21,5.300045,405.18
6,AoSoA-128,22,1.854181,1158.17
6,AoSoA-128,23,1.877069,1144.04
6,AoSoA-128,24,1.904011,1127.86
6,AoSoA-128,25,1.883984,1139.85
6,AoSoA-128,26,1.881123,1141.58
6,AoSoA-128,27,1.850128,1160.70
6,AoSoA-128,28,1.872063,1147.10
6,AoSoA-128,29,2.739906,783.77
6,AoSoA-128,30,1.863956,1152.09
6,AoSoA-128,31,1.888990,1136.82
6,AoSoA-128,32,9.289980,231.16
6,AoSoA-128,33,4.963160,432.68
6,AoSoA-128,34,1.846790,1162.80
6,AoSoA-128,35,1.842976,1165.21
6,AoSoA-128,36,1.868010,1149.59
6,AoSoA-128,37,1.869917,1148.42
6,AoSoA-128,38,1.846075,1163.25
6,AoSoA-128,39,1.868010,1149.59
6,AoSoA-128,40,1.858950,1155.20
6,AoSoA-128,41,1.868963,1149.01
6,AoSoA-128,42,1.836061,1169.60
6,AoSoA-128,43,1.860857,1154.01
6,AoSoA-128,44,1.871109,1147.69
6,AoSoA-128,45,1.868010,1149.59
6,AoSoA-128,46,1.867056,1150.18
6,AoSoA-128,47,1.868963,1149.01
6,AoSoA-128,48,1.870871,1147.84
6,AoSoA-128,49,1.840115,1167.02
6,AoSoA-512,0,1.682043,1276.69
6,AoSoA-512,1,1.724958,1244.93
6,AoSoA-512,2,1.761913,1218.82
6,AoSoA-512,3,3.193140,672.52
6,AoSoA-512,4,1.771927,1211.93
6,AoSoA-512,5,1.782179,1204.96
6,AoSoA-512,6,1.754999,1223.62
6,AoSoA-512,7,2.333879,920.12
6,AoSoA-512,8,1.757860,1221.63
6,AoSoA-512,9,1.769066,1213.89
6,AoSoA-512,10,1.769066,1213.89
6,AoSoA-512,11,1.744986,1230.64
6,AoSoA-512,12,1.790047,1199.66
6,AoSoA-512,13,2.182961,983.73
6,AoSoA-512,14,6.668806,322.01
6,AoSoA-512,15,1.739979,1234.18
6,AoSoA-512,16,1.772165,1211.77
6,AoSoA-512,17,1.747131,1229.13
6,AoSoA-512,18,1.770020,1213.24
6,AoSoA-512,19,1.780987,1205.76
6,AoSoA-512,20,1.785994,1202.38
6,AoSoA-512,21,1.775026,1209.81
6,AoSoA-512,22,1.784086,1203.67
6,AoSoA-512,23,1.807928,1187.80
6,AoSoA-512,24,1.775980,1209.16
6,AoSoA-512,25,1.770973,1212.58
6,AoSoA-512,26,1.764059,1217.34
6,AoSoA-512,27,8.335114,257.64
6,AoSoA-512,28,6.581068,326.31
6,AoSoA-512,29,6.011009,357.25
6,AoSoA-512,30,1.765966,1216.02
6,AoSoA-512,31,1.821041,1179.24
6,AoSoA-512,32,1.749039,1227.79
6,AoSoA-512,33,1.774788,1209.98
6,AoSoA-512,34,1.766920,1215.36
6,AoSoA-512,35,2.691031,798.00
6,AoSoA-512,36,1.779079,1207.06
6,AoSoA-512,37,1.754999,1223.62
6,AoSoA-512,38,1.765013,1216.68
6,AoSoA-512,39,1.775026,1209.81
6,AoSoA-512,40,1.790047,1199.66
6,AoSoA-512,41,1.780033,1206.41
6,AoSoA-512,42,1.762152,1218.65
6,AoSoA-512,43,2.168894,990.11
6,AoSoA-512,44,2.329111,922.00
6,AoSoA-512,45,4.235029,507.07
6,AoSoA-512,46,1.778126,1207.70
6,AoSoA-512,47,1.749039,1227.79
6,AoSoA-512,48,1.754045,1224.28
6,AoSoA-512,49,9.701014,221.36
9,AoS,0,2.851009,753.23
9,AoS,1,2.882004,745.13
9,AoS,2,2.898932,740.78
9,AoS,3,2.926111,733.90
9,AoS,4,2.935171,731.64
9,AoS,5,2.874851,746.99
9,AoS,6,2.889156,743.29
9,AoS,7,2.931118,732.65
9,AoS,8,5.195141,413.36
9,AoS,9,2.887011,743.84
9,AoS,10,2.904892,739.26
9,AoS,11,2.871990,747.73
9,AoS,12,2.869129,748.48
9,AoS,13,2.902985,739.75
9,AoS,14,2.906084,738.96
9,AoS,15,2.947092,728.68
9,AoS,16,2.889156,743.29
9,AoS,17,2.911806,737.51
9,AoS,18,2.939939,730.45
9,AoS,19,2.872944,747.48
9,AoS,20,2.902031,739.99
9,AoS,21,2.913952,736.96
9,AoS,22,2.887964,743.59
9,AoS,23,2.875090,746.92
9,AoS,24,6.763935,317.49
9,AoS,25,2.867937,748.79
9,AoS,26,2.886057,744.09
9,AoS,27,2.877951,746.18
9,AoS,28,2.878904,745.93
9,AoS,29,2.897024,741.27
9,AoS,30,2.892971,742.31
9,AoS,31,7.117033,301.74
9,AoS,32,2.864122,749.78
9,AoS,33,2.933979,731.93
9,AoS,34,2.887964,743.59
9,AoS,35,2.898932,740.78
9,AoS,36,2.859831,750.91
9,AoS,37,2.887964,743.59
9,AoS,38,2.904892,739.26
9,AoS,39,2.873898,747.23
9,AoS,40,2.882957,744.89
9,AoS,41,10.797024,198.90
9,AoS,42,2.911091,737.69
9,AoS,43,2.887964,743.59
9,AoS,44,2.905130,739.20
9,AoS,45,2.866983,749.04
9,AoS,46,2.882957,744.89
9,AoS,47,2.876997,746.43
9,AoS,48,2.865076,749.54
9,AoS,49,2.881050,745.38
9,SoA,0,1.871824,1147.26
9,SoA,1,1.807928,1187.81
9,SoA,2,1.846075,1163.27
9,SoA,3,1.839161,1167.64
9,SoA,4,1.821041,1179.26
9,SoA,5,1.785994,1202.40
9,SoA,6,2.666950,805.22
9,SoA,7,1.832962,1171.59
9,SoA,8,1.805067,1189.69
9,SoA,9,2.593040,828.17
9,SoA,10,1.824141,1177.25
9,SoA,11,8.357048,256.97
9,SoA,12,1.826048,1176.02
9,SoA,13,1.815796,1182.66
9,SoA,14,1.705170,1259.39
9,SoA,15,1.760006,1220.15
9,SoA,16,2.771854,774.74
9,SoA,17,1.821041,1179.26
9,SoA,18,1.877785,1143.62
9,SoA,19,1.764059,1217.35
9,SoA,20,1.697063,1265.41
9,SoA,21,1.832008,1172.20
9,SoA,22,1.821041,1179.26
9,SoA,23,1.803875,1190.48
9,SoA,24,1.789093,1200.32
9,SoA,25,1.813889,1183.91
9,SoA,26,8.020878,267.74
9,SoA,27,1.873016,1146.53
9,SoA,28,1.870871,1147.85
9,SoA,29,1.837969,1168.40
9,SoA,30,2.725124,788.03
9,SoA,31,1.832008,1172.20
9,SoA,32,1.831770,1172.35
9,SoA,33,1.861811,1153.43
9,SoA,34,1.804829,1189.85
9,SoA,35,1.842976,1165.22
9,SoA,36,1.814842,1183.28
9,SoA,37,1.799822,1193.16
9,SoA,38,1.818895,1180.65
9,SoA,39,1.856804,1156.54
9,SoA,40,1.832962,1171.59
9,SoA,41,1.811028,1185.78
9,SoA,42,1.813889,1183.91
9,SoA,43,1.797915,1194.43
9,SoA,44,1.811981,1185.15
9,SoA,45,1.808882,1187.18
9,SoA,46,1.787901,1201.12
9,SoA,47,1.824141,1177.25
9,SoA,48,1.842976,1165.22
9,SoA,49,4.287958,500.82
9,AoSoA-16,0,2.573013,834.61
9,AoSoA-16,1,1.417875,1514.57
9,AoSoA-16,2,1.488924,1442.30
9,AoSoA-16,3,1.518011,1414.66
9,AoSoA-16,4,1.800060,1193.00
9,AoSoA-16,5,1.464844,1466.01
9,AoSoA-16,6,1.477003,1453.94
9,AoSoA-16,7,1.502037,1429.71
9,AoSoA-16,8,1.482010,1449.03
9,AoSoA-16,9,1.474857,1456.06
9,AoSoA-16,10,1.502991,1428.80
9,AoSoA-16,11,1.492023,1439.30
9,AoSoA-16,12,1.505852,1426.09
9,AoSoA-16,13,1.532078,1401.68
9,AoSoA-16,14,1.487970,1443.22
9,AoSoA-16,15,1.472950,1457.94
9,AoSoA-16,16,1.503944,1427.90
9,AoSoA-16,17,1.481056,1449.96
9,AoSoA-16,18,1.511812,1420.46
9,AoSoA-16,19,5.700827,376.70
9,AoSoA-16,20,6.634951,323.66
9,AoSoA-16,21,7.270098,295.38
9,AoSoA-16,22,6.895065,311.45
9,AoSoA-16,23,1.518011,1414.66
9,AoSoA-16,24,1.513004,1419.35
9,AoSoA-16,25,1.495123,1436.32
9,AoSoA-16,26,1.597881,1343.95
9,AoSoA-16,27,1.506805,1425.18
9,AoSoA-16,28,1.507998,1424.06
9,AoSoA-16,29,1.509905,1422.26
9,AoSoA-16,30,1.523018,1410.01
9,AoSoA-16,31,1.513958,1418.45
9,AoSoA-16,32,7.452965,288.14
9,AoSoA-16,33,1.494884,1436.55
9,AoSoA-16,34,1.507044,1424.96
9,AoSoA-16,35,1.512051,1420.24
9,AoSoA-16,36,1.499891,1431.75
9,AoSoA-16,37,1.508951,1423.16
9,AoSoA-16,38,1.507044,1424.96
9,AoSoA-16,39,3.226995,665.47
9,AoSoA-16,40,1.501083,1430.62
9,AoSoA-16,41,1.497984,1433.58
9,AoSoA-16,42,5.088091,422.06
9,AoSoA-16,43,1.514912,1417.56
9,AoSoA-16,44,1.510143,1422.03
9,AoSoA-16,45,2.059937,1042.50
9,AoSoA-16,46,6.487131,331.04
9,AoSoA-16,47,1.480818,1450.20
9,AoSoA-16,48,1.459837,1471.04
9,AoSoA-16,49,1.472950,1457.94
9,AoSoA-64,0,1.799107,1193.63
9,AoSoA-64,1,1.840115,1167.03
9,AoSoA-64,2,12.558937,170.99
9,AoSoA-64,3,1.896143,1132.55
9,AoSoA-64,4,1.880884,1141.74
9,AoSoA-64,5,1.924992,1115.58
9,AoSoA-64,6,1.873016,1146.53
9,AoSoA-64,7,1.868963,1149.02
9,AoSoA-64,8,1.878023,1143.48
9,AoSoA-64,9,1.893997,1133.83
9,AoSoA-64,10,1.924038,1116.13
9,AoSoA-64,11,1.893044,1134.40
9,AoSoA-64,12,1.884937,1139.28
9,AoSoA-64,13,1.881123,1141.59
9,AoSoA-64,14,4.817963,445.72
9,AoSoA-64,15,1.899004,1130.84
9,AoSoA-64,16,1.911879,1123.23
9,AoSoA-64,17,1.889944,1136.26
9,AoSoA-64,18,1.876116,1144.64
9,AoSoA-64,19,1.868010,1149.61
9,AoSoA-64,20,1.866817,1150.34
9,AoSoA-64,21,1.908064,1125.47
9,AoSoA-64,22,1.911163,1123.65
9,AoSoA-64,23,1.921892,1117.38
9,AoSoA-64,24,1.903057,1128.43
9,AoSoA-64,25,1.876116,1144.64
9,AoSoA-64,26,1.904964,1127.30
9,AoSoA-64,27,1.884937,1139.28
9,AoSoA-64,28,1.875877,1144.78
9,AoSoA-64,29,1.935005,1109.80
9,AoSoA-64,30,2.728939,786.93
9,AoSoA-64,31,1.878977,1142.90
9,AoSoA-64,32,1.904964,1127.30
9,AoSoA-64,33,1.919031,1119.04
9,AoSoA-64,34,1.889944,1136.26
9,AoSoA-64,35,1.873970,1145.95
9,AoSoA-64,36,1.900196,1130.13
9,AoSoA-64,37,4.338980,494.93
9,AoSoA-64,38,5.604029,383.20
9,AoSoA-64,39,1.880169,1142.17
9,AoSoA-64,40,1.896858,1132.12
9,AoSoA-64,41,1.888990,1136.84
9,AoSoA-64,42,1.897097,1131.98
9,AoSoA-64,43,1.893044,1134.40
9,AoSoA-64,44,1.901150,1129.57
9,AoSoA-64,45,2.044916,1050.15
9,AoSoA-64,46,1.880884,1141.74
9,AoSoA-64,47,1.904964,1127.30
9,AoSoA-64,48,1.892090,1134.98
9,AoSoA-64,49,1.916170,1120.71
9,AoSoA-128,0,1.730204,1241.17
9,AoSoA-128,1,1.814842,1183.28
9,AoSoA-128,2,1.855135,1157.58
9,AoSoA-128,3,1.827002,1175.41
9,AoSoA-128,4,2.748966,781.19
9,AoSoA-128,5,1.863956,1152.11
9,AoSoA-128,6,1.828909,1174.18
9,AoSoA-128,7,1.888037,1137.41
9,AoSoA-128,8,4.941940,434.54
9,AoSoA-128,9,5.848885,367.16
9,AoSoA-128,10,1.863003,1152.70
9,AoSoA-128,11,1.852036,1159.52
9,AoSoA-128,12,1.886845,1138.13
9,AoSoA-128,13,1.917839,1119.74
9,AoSoA-128,14,1.844168,1164.47
9,AoSoA-128,15,1.877069,1144.06
9,AoSoA-128,16,1.844883,1164.02
9,AoSoA-128,17,1.831055,1172.81
9,AoSoA-128,18,1.822948,1178.02
9,AoSoA-128,19,1.846075,1163.27
9,AoSoA-128,20,1.861095,1153.88
9,AoSoA-128,21,1.872063,1147.12
9,AoSoA-128,22,1.842976,1165.22
9,AoSoA-128,23,1.852989,1158.92
9,AoSoA-128,24,4.391909,488.96
9,AoSoA-128,25,1.851797,1159.67
9,AoSoA-128,26,1.857996,1155.80
9,AoSoA-128,27,4.189014,512.64
9,AoSoA-128,28,1.848936,1161.47
9,AoSoA-128,29,1.844883,1164.02
9,AoSoA-128,30,1.851082,1160.12
9,AoSoA-128,31,1.839876,1167.18
9,AoSoA-128,32,1.841068,1166.43
9,AoSoA-128,33,1.829147,1174.03
9,AoSoA-128,34,1.868010,1149.61
9,AoSoA-128,35,1.854181,1158.18
9,AoSoA-128,36,1.858950,1155.21
9,AoSoA-128,37,1.860857,1154.02
9,AoSoA-128,38,1.844168,1164.47
9,AoSoA-128,39,1.827955,1174.80
9,AoSoA-128,40,1.821041,1179.26
9,AoSoA-128,41,1.859903,1154.62
9,AoSoA-128,42,1.871109,1147.70
9,AoSoA-128,43,1.852036,1159.52
9,AoSoA-128,44,1.868010,1149.61
9,AoSoA-128,45,1.826048,1176.02
9,AoSoA-128,46,1.851082,1160.12
9,AoSoA-128,47,1.878023,1143.48
9,AoSoA-128,48,1.870871,1147.85
9,AoSoA-128,49,1.885891,1138.71
9,AoSoA-512,0,1.667976,1287.47
9,AoSoA-512,1,1.744032,1231.33
9,AoSoA-512,2,1.748800,1227.97
9,AoSoA-512,3,1.795053,1196.33
9,AoSoA-512,4,1.764059,1217.35
9,AoSoA-512,5,1.731157,1240.49
9,AoSoA-512,6,1.758099,1221.48
9,AoSoA-512,7,1.750946,1226.47
9,AoSoA-512,8,2.605200,824.30
9,AoSoA-512,9,1.746893,1229.31
9,AoSoA-512,10,1.738071,1235.55
9,AoSoA-512,11,1.750946,1226.47
9,AoSoA-512,12,1.768827,1214.07
9,AoSoA-512,13,1.729965,1241.34
9,AoSoA-512,14,1.752138,1225.63
9,AoSoA-512,15,1.760006,1220.15
9,AoSoA-512,16,1.734018,1238.44
9,AoSoA-512,17,1.731157,1240.49
9,AoSoA-512,18,1.745939,1229.98
9,AoSoA-512,19,1.726866,1243.57
9,AoSoA-512,20,10.174036,211.07
9,AoSoA-512,21,1.746178,1229.81
9,AoSoA-512,22,1.740932,1233.52
9,AoSoA-512,23,1.765013,1216.69
9,AoSoA-512,24,1.765013,1216.69
9,AoSoA-512,25,1.748085,1228.47
9,AoSoA-512,26,1.729965,1241.34
9,AoSoA-512,27,1.754045,1224.30
9,AoSoA-512,28,1.762867,1218.17
9,AoSoA-512,29,1.767159,1215.21
9,AoSoA-512,30,1.743078,1232.00
9,AoSoA-512,31,6.942987,309.30
9,AoSoA-512,32,1.741171,1233.35
9,AoSoA-512,33,1.758099,1221.48
9,AoSoA-512,34,2.663136,806.37
9,AoSoA-512,35,1.765013,1216.69
9,AoSoA-512,36,1.755953,1222.97
9,AoSoA-512,37,1.759052,1220.81
9,AoSoA-512,38,1.742125,1232.68
9,AoSoA-512,39,1.775026,1209.83
9,AoSoA-512,40,1.775980,1209.18
9,AoSoA-512,41,6.466866,332.07
9,AoSoA-512,42,1.748085,1228.47
9,AoSoA-512,43,1.785040,1203.04
9,AoSoA-512,44,1.773834,1210.64
9,AoSoA-512,45,1.749039,1227.80
9,AoSoA-512,46,1.736879,1236.40
9,AoSoA-512,47,1.749992,1227.13
9,AoSoA-512,48,1.776218,1209.02
9,AoSoA-512,49,2.293110,936.49
12,AoS,0,6.190062,346.92
12,AoS,1,2.904892,739.25
12,AoS,2,2.938986,730.68
12,AoS,3,2.935886,731.45
12,AoS,4,2.948999,728.20
12,AoS,5,2.902031,739.98
12,AoS,6,2.905130,739.19
12,AoS,7,2.943039,729.67
12,AoS,8,2.919912,735.45
12,AoS,9,2.920151,735.39
12,AoS,10,2.903938,739.50
12,AoS,11,2.899170,740.71
12,AoS,12,2.876997,746.42
12,AoS,13,2.910852,737.74
12,AoS,14,2.908945,738.22
12,AoS,15,2.900839,740.29
12,AoS,16,22.098780,97.18
12,AoS,17,2.927065,733.65
12,AoS,18,2.877951,746.17
12,AoS,19,2.897024,741.26
12,AoS,20,2.911091,737.68
12,AoS,21,2.893925,742.05
12,AoS,22,2.906084,738.95
12,AoS,23,9.934187,216.17
12,AoS,24,2.892017,742.54
12,AoS,25,2.898932,740.77
12,AoS,26,4.231930,507.44
12,AoS,27,2.901077,740.23
12,AoS,28,2.924919,734.19
12,AoS,29,2.907991,738.47
12,AoS,30,2.896070,741.51
12,AoS,31,2.927065,733.65
12,AoS,32,2.906799,738.77
12,AoS,33,5.970955,359.65
12,AoS,34,2.877951,746.17
12,AoS,35,2.943993,729.43
12,AoS,36,2.912998,737.20
12,AoS,37,2.887011,743.83
12,AoS,38,2.894163,741.99
12,AoS,39,2.916813,736.23
12,AoS,40,2.908945,738.22
12,AoS,41,3.319979,646.83
12,AoS,42,2.923012,734.67
12,AoS,43,2.923012,734.67
12,AoS,44,2.918959,735.69
12,AoS,45,2.918005,735.93
12,AoS,46,2.886057,744.08
12,AoS,47,2.887011,743.83
12,AoS,48,2.894878,741.81
12,AoS,49,2.905130,739.19
12,SoA,0,1.578093,1360.79
12,SoA,1,1.532078,1401.66
12,SoA,2,1.535892,1398.18
12,SoA,3,1.512051,1420.22
12,SoA,4,1.538992,1395.36
12,SoA,5,1.502991,1428.79
12,SoA,6,1.524925,1408.23
12,SoA,7,1.512051,1420.22
12,SoA,8,1.554012,1381.88
12,SoA,9,1.516104,1416.43
12,SoA,10,1.536131,1397.96
12,SoA,11,1.497030,1434.47
12,SoA,12,1.511812,1420.45
12,SoA,13,1.508951,1423.14
12,SoA,14,1.502991,1428.79
12,SoA,15,1.556873,1379.34
12,SoA,16,1.515865,1416.65
12,SoA,17,1.575947,1362.64
12,SoA,18,1.972914,1088.47
12,SoA,19,1.525164,1408.01
12,SoA,20,1.510143,1422.02
12,SoA,21,1.520872,1411.99
12,SoA,22,1.517057,1415.54
12,SoA,23,1.525879,1407.35
12,SoA,24,2.591848,828.54
12,SoA,25,1.531124,1402.53
12,SoA,26,1.542091,1392.56
12,SoA,27,1.514196,1418.21
12,SoA,28,1.507998,1424.04
12,SoA,29,1.523972,1409.11
12,SoA,30,2.449989,876.51
12,SoA,31,1.529217,1404.28
12,SoA,32,1.543999,1390.84
12,SoA,33,9.493113,226.21
12,SoA,34,2.241135,958.20
12,SoA,35,1.535892,1398.18
12,SoA,36,1.545191,1389.76
12,SoA,37,1.560926,1375.75
12,SoA,38,1.543999,1390.84
12,SoA,39,1.502991,1428.79
12,SoA,40,1.510143,1422.02
12,SoA,41,1.528025,1405.38
12,SoA,42,1.534939,1399.05
12,SoA,43,2.104044,1020.63
12,SoA,44,1.516104,1416.43
12,SoA,45,2.449036,876.86
12,SoA,46,4.580021,468.87
12,SoA,47,1.536131,1397.96
12,SoA,48,1.546860,1388.26
12,SoA,49,1.504183,1427.65
12,AoSoA-16,0,1.386881,1548.40
12,AoSoA-16,1,1.456022,1474.88
12,AoSoA-16,2,1.481056,1449.95
12,AoSoA-16,3,1.518965,1413.76
12,AoSoA-16,4,8.786917,244.39
12,AoSoA-16,5,51.837206,41.43
12,AoSoA-16,6,1.502991,1428.79
12,AoSoA-16,7,1.487017,1444.13
12,AoSoA-16,8,1.504898,1426.97
12,AoSoA-16,9,1.506090,1425.84
12,AoSoA-16,10,1.497030,1434.47
12,AoSoA-16,11,1.515865,1416.65
12,AoSoA-16,12,1.501083,1430.60
12,AoSoA-16,13,1.527071,1406.25
12,AoSoA-16,14,1.501083,1430.60
12,AoSoA-16,15,1.522064,1410.88
12,AoSoA-16,16,1.542091,1392.56
12,AoSoA-16,17,1.511812,1420.45
12,AoSoA-16,18,1.498938,1432.65
12,AoSoA-16,19,2.046824,1049.16
12,AoSoA-16,20,5.185127,414.16
12,AoSoA-16,21,1.509905,1422.24
12,AoSoA-16,22,1.515865,1416.65
12,AoSoA-16,23,1.482010,1449.01
12,AoSoA-16,24,1.496792,1434.70
12,AoSoA-16,25,1.497984,1433.56
12,AoSoA-16,26,1.518965,1413.76
12,AoSoA-16,27,1.514912,1417.54
12,AoSoA-16,28,1.527071,1406.25
12,AoSoA-16,29,1.508951,1423.14
12,AoSoA-16,30,1.510143,1422.02
12,AoSoA-16,31,1.853943,1158.32
12,AoSoA-16,32,1.494884,1436.53
12,AoSoA-16,33,1.505852,1426.07
12,AoSoA-16,34,1.518011,1414.65
12,AoSoA-16,35,1.477003,1453.92
12,AoSoA-16,36,1.518965,1413.76
12,AoSoA-16,37,10.392189,206.64
12,AoSoA-16,38,1.480103,1450.88
12,AoSoA-16,39,1.471996,1458.87
12,AoSoA-16,40,1.513958,1418.43
12,AoSoA-16,41,1.492023,1439.29
12,AoSoA-16,42,1.497030,1434.47
12,AoSoA-16,43,1.533031,1400.79
12,AoSoA-16,44,3.322124,646.41
12,AoSoA-16,45,1.531124,1402.53
12,AoSoA-16,46,1.544952,1389.98
12,AoSoA-16,47,1.502991,1428.79
12,AoSoA-16,48,1.492977,1438.37
12,AoSoA-16,49,1.489878,1441.36
12,AoSoA-64,0,8.427858,254.80
12,AoSoA-64,1,1.858950,1155.20
12,AoSoA-64,2,1.834869,1170.36
12,AoSoA-64,3,1.869917,1148.42
12,AoSoA-64,4,1.846075,1163.25
12,AoSoA-64,5,1.801968,1191.73
12,AoSoA-64,6,2.644062,812.18
12,AoSoA-64,7,1.811028,1185.76
12,AoSoA-64,8,1.825809,1176.16
12,AoSoA-64,9,1.842976,1165.21
12,AoSoA-64,10,1.837969,1168.38
12,AoSoA-64,11,3.463030,620.11
12,AoSoA-64,12,1.854181,1158.17
12,AoSoA-64,13,1.819134,1180.48
12,AoSoA-64,14,1.814127,1183.74
12,AoSoA-64,15,1.890182,1136.11
12,AoSoA-64,16,1.807928,1187.80
12,AoSoA-64,17,1.810074,1186.39
12,AoSoA-64,18,1.799822,1193.15
12,AoSoA-64,19,1.826048,1176.01
12,AoSoA-64,20,1.800060,1192.99
12,AoSoA-64,21,1.943827,1104.75
12,AoSoA-64,22,1.885176,1139.13
12,AoSoA-64,23,4.057884,529.20
12,AoSoA-64,24,1.821995,1178.63
12,AoSoA-64,25,1.809120,1187.01
12,AoSoA-64,26,1.839161,1167.63
12,AoSoA-64,27,1.829147,1174.02
12,AoSoA-64,28,1.851082,1160.11
12,AoSoA-64,29,1.883984,1139.85
12,AoSoA-64,30,1.856089,1156.98
12,AoSoA-64,31,1.853943,1158.32
12,AoSoA-64,32,1.809835,1186.54
12,AoSoA-64,33,1.831055,1172.79
12,AoSoA-64,34,1.791000,1199.02
12,AoSoA-64,35,1.827955,1174.78
12,AoSoA-64,36,4.029989,532.87
12,AoSoA-64,37,1.810074,1186.39
12,AoSoA-64,38,1.821041,1179.24
12,AoSoA-64,39,1.837015,1168.99
12,AoSoA-64,40,1.847029,1162.65
12,AoSoA-64,41,1.855850,1157.13
12,AoSoA-64,42,1.884937,1139.27
12,AoSoA-64,43,1.857996,1155.79
12,AoSoA-64,44,1.809835,1186.54
12,AoSoA-64,45,1.843929,1164.61
12,AoSoA-64,46,1.841068,1166.42
12,AoSoA-64,47,19.994020,107.40
12,AoSoA-64,48,1.862049,1153.27
12,AoSoA-64,49,1.864910,1151.50
12,AoSoA-128,0,1.734972,1237.74
12,AoSoA-128,1,1.806974,1188.42
12,AoSoA-128,2,1.888990,1136.82
12,AoSoA-128,3,1.857996,1155.79
12,AoSoA-128,4,1.846790,1162.80
12,AoSoA-128,5,1.873016,1146.52
12,AoSoA-128,6,1.837969,1168.38
12,AoSoA-128,7,1.822948,1178.01
12,AoSoA-128,8,1.809835,1186.54
12,AoSoA-128,9,1.801968,1191.73
12,AoSoA-128,10,1.834869,1170.36
12,AoSoA-128,11,1.852989,1158.91
12,AoSoA-128,12,1.838923,1167.78
12,AoSoA-128,13,1.806974,1188.42
12,AoSoA-128,14,1.872063,1147.10
12,AoSoA-128,15,1.815081,1183.12
12,AoSoA-128,16,1.855135,1157.57
12,AoSoA-128,17,1.799107,1193.62
12,AoSoA-128,18,3.219843,666.94
12,AoSoA-128,19,1.822948,1178.01
12,AoSoA-128,20,3.337860,643.36
12,AoSoA-128,21,2.328873,922.10
12,AoSoA-128,22,2.970934,722.82
12,AoSoA-128,23,1.818895,1180.63
12,AoSoA-128,24,1.814127,1183.74
12,AoSoA-128,25,1.817942,1181.25
12,AoSoA-128,26,1.841068,1166.42
12,AoSoA-128,27,1.837015,1168.99
12,AoSoA-128,28,1.836061,1169.60
12,AoSoA-128,29,1.821995,1178.63
12,AoSoA-128,30,1.850128,1160.70
12,AoSoA-128,31,1.813889,1183.89
12,AoSoA-128,32,1.829147,1174.02
12,AoSoA-128,33,1.843214,1165.06
12,AoSoA-128,34,2.096891,1024.11
12,AoSoA-128,35,1.813889,1183.89
12,AoSoA-128,36,2.321959,924.84
12,AoSoA-128,37,3.139973,683.91
12,AoSoA-128,38,1.809835,1186.54
12,AoSoA-128,39,1.854181,1158.17
12,AoSoA-128,40,1.835108,1170.20
12,AoSoA-128,41,1.860857,1154.01
12,AoSoA-128,42,1.868010,1149.59
12,AoSoA-128,43,1.818895,1180.63
12,AoSoA-128,44,1.848936,1161.45
12,AoSoA-128,45,1.832962,1171.57
12,AoSoA-128,46,1.855135,1157.57
12,AoSoA-128,47,1.836061,1169.60
12,AoSoA-128,48,1.972198,1088.86
12,AoSoA-128,49,8.522987,251.96
12,AoSoA-512,0,1.673222,1283.42
12,AoSoA-512,1,1.758814,1220.97
12,AoSoA-512,2,1.765013,1216.68
12,AoSoA-512,3,1.832962,1171.57
12,AoSoA-512,4,1.777887,1207.87
12,AoSoA-512,5,1.755953,1222.95
12,AoSoA-512,6,1.785040,1203.03
12,AoSoA-512,7,4.261017,503.98
12,AoSoA-512,8,1.760960,1219.48
12,AoSoA-512,9,1.783133,1204.31
12,AoSoA-512,10,1.757145,1222.13
12,AoSoA-512,11,1.746893,1229.30
12,AoSoA-512,12,1.754045,1224.28
12,AoSoA-512,13,1.785040,1203.03
12,AoSoA-512,14,1.767159,1215.20
12,AoSoA-512,15,1.770020,1213.24
12,AoSoA-512,16,1.765013,1216.68
12,AoSoA-512,17,1.780987,1205.76
12,AoSoA-512,18,1.792192,1198.23
12,AoSoA-512,19,1.745939,1229.97
12,AoSoA-512,20,9.481192,226.50
12,AoSoA-512,21,1.758814,1220.97
12,AoSoA-512,22,1.809835,1186.54
12,AoSoA-512,23,1.775980,1209.16
12,AoSoA-512,24,1.764059,1217.34
12,AoSoA-512,25,1.785994,1202.38
12,AoSoA-512,26,1.781940,1205.12
12,AoSoA-512,27,1.796961,1195.05
12,AoSoA-512,28,1.778126,1207.70
12,AoSoA-512,29,1.771927,1211.93
12,AoSoA-512,30,1.818895,1180.63
12,AoSoA-512,31,1.780987,1205.76
12,AoSoA-512,32,1.775026,1209.81
12,AoSoA-512,33,1.748085,1228.46
12,AoSoA-512,34,1.780987,1205.76
12,AoSoA-512,35,2.585173,830.68
12,AoSoA-512,36,1.780987,1205.76
12,AoSoA-512,37,1.739025,1234.86
12,AoSoA-512,38,1.818895,1180.63
12,AoSoA-512,39,1.749039,1227.79
12,AoSoA-512,40,1.775980,1209.16
12,AoSoA-512,41,1.779079,1207.06
12,AoSoA-512,42,2.784014,771.35
12,AoSoA-512,43,1.770973,1212.58
12,AoSoA-512,44,1.751900,1225.78
12,AoSoA-512,45,3.151894,681.32
12,AoSoA-512,46,1.785994,1202.38
12,AoSoA-512,47,1.763821,1217.50
12,AoSoA-512,48,1.787901,1201.10
12,AoSoA-512,49,1.746178,1229.80
15,AoS,0,2.837181,756.90
15,AoS,1,2.924919,734.19
15,AoS,2,2.918959,735.69
15,AoS,3,2.887011,743.83
15,AoS,4,2.919912,735.45
15,AoS,5,2.912998,737.20
15,AoS,6,2.902985,739.74
15,AoS,7,2.894878,741.81
15,AoS,8,2.922058,734.91
15,AoS,9,2.917051,736.17
15,AoS,10,2.922058,734.91
15,AoS,11,2.921104,735.15
15,AoS,12,2.905846,739.01
15,AoS,13,2.885103,744.32
15,AoS,14,2.870083,748.22
15,AoS,15,2.914906,736.71
15,AoS,16,2.945900,728.96
15,AoS,17,2.934933,731.69
15,AoS,18,2.889872,743.10
15,AoS,19,2.886057,744.08
15,AoS,20,2.888918,743.34
15,AoS,21,3.161907,679.16
15,AoS,22,3.993034,537.80
15,AoS,23,2.900839,740.29
15,AoS,24,2.912045,737.44
15,AoS,25,2.907038,738.71
15,AoS,26,2.906084,738.95
15,AoS,27,2.904892,739.25
15,AoS,28,4.441977,483.44
15,AoS,29,2.884150,744.57
15,AoS,30,2.895117,741.75
15,AoS,31,2.887964,743.59
15,AoS,32,2.943993,729.43
15,AoS,33,2.890110,743.03
15,AoS,34,2.877951,746.17
15,AoS,35,2.921104,735.15
15,AoS,36,2.879143,745.86
15,AoS,37,2.905130,739.19
15,AoS,38,2.891064,742.79
15,AoS,39,2.894878,741.81
15,AoS,40,2.905846,739.01
15,AoS,41,2.861023,750.59
15,AoS,42,2.890110,743.03
15,AoS,43,7.350922,292.13
15,AoS,44,2.865076,749.53
15,AoS,45,2.910852,737.74
15,AoS,46,2.941132,730.14
15,AoS,47,2.918005,735.93
15,AoS,48,2.893925,742.05
15,AoS,49,2.896070,741.51
15,SoA,0,1.634836,1313.56
15,SoA,1,2.959967,725.50
15,SoA,2,1.594067,1347.15
15,SoA,3,1.613140,1331.22
15,SoA,4,1.559973,1376.60
15,SoA,5,1.616955,1328.08
15,SoA,6,1.585960,1354.04
15,SoA,7,6.032944,355.95
15,SoA,8,1.576185,1362.44
15,SoA,9,1.634121,1314.13
15,SoA,10,2.571821,834.99
15,SoA,11,1.605034,1337.95
15,SoA,12,1.608133,1335.37
15,SoA,13,1.591921,1348.97
15,SoA,14,1.595974,1345.54
15,SoA,15,1.611948,1332.21
15,SoA,16,9.483099,226.45
15,SoA,17,2.879858,745.68
15,SoA,18,1.581907,1357.51
15,SoA,19,1.585007,1354.85
15,SoA,20,1.601934,1340.54
15,SoA,21,1.611948,1332.21
15,SoA,22,1.607895,1335.57
15,SoA,23,1.595020,1346.35
15,SoA,24,1.619101,1326.32
15,SoA,25,1.603127,1339.54
15,SoA,26,1.604080,1338.74
15,SoA,27,1.623154,1323.01
15,SoA,28,2.557993,839.51
15,SoA,29,1.591921,1348.97
15,SoA,30,1.565933,1371.36
15,SoA,31,1.567841,1369.69
15,SoA,32,1.571178,1366.78
15,SoA,33,1.610041,1333.79
15,SoA,34,1.616001,1328.87
15,SoA,35,1.576900,1361.82
15,SoA,36,2.477169,866.90
15,SoA,37,1.623154,1323.01
15,SoA,38,5.553007,386.72
15,SoA,39,1.586914,1353.22
15,SoA,40,1.605988,1337.15
15,SoA,41,1.601934,1340.54
15,SoA,42,1.577139,1361.61
15,SoA,43,1.595974,1345.54
15,SoA,44,1.595974,1345.54
15,SoA,45,1.588821,1351.60
15,SoA,46,1.605034,1337.95
15,SoA,47,1.571894,1366.16
15,SoA,48,1.595974,1345.54
15,SoA,49,1.614809,1329.85
15,AoSoA-16,0,1.399994,1533.90
15,AoSoA-16,1,1.483917,1447.15
15,AoSoA-16,2,1.499891,1431.74
15,AoSoA-16,3,1.520872,1411.99
15,AoSoA-16,4,1.505852,1426.07
15,AoSoA-16,5,1.492977,1438.37
15,AoSoA-16,6,2.665997,805.50
15,AoSoA-16,7,1.513004,1419.33
15,AoSoA-16,8,1.477003,1453.92
15,AoSoA-16,9,1.490116,1441.13
15,AoSoA-16,10,8.560181,250.87
15,AoSoA-16,11,1.524925,1408.23
15,AoSoA-16,12,1.505136,1426.75
15,AoSoA-16,13,1.823902,1177.39
15,AoSoA-16,14,1.477003,1453.92
15,AoSoA-16,15,1.477957,1452.99
15,AoSoA-16,16,1.483917,1447.15
15,AoSoA-16,17,1.477003,1453.92
15,AoSoA-16,18,1.487017,1444.13
15,AoSoA-16,19,1.480818,1450.18
15,AoSoA-16,20,1.492977,1438.37
15,AoSoA-16,21,1.506805,1425.17
15,AoSoA-16,22,1.510859,1421.34
15,AoSoA-16,23,1.512051,1420.22
15,AoSoA-16,24,1.487970,1443.21
15,AoSoA-16,25,1.501083,1430.60
15,AoSoA-16,26,1.507998,1424.04
15,AoSoA-16,27,2.063990,1040.44
15,AoSoA-16,28,1.494169,1437.22
15,AoSoA-16,29,1.473904,1456.98
15,AoSoA-16,30,1.697063,1265.39
15,AoSoA-16,31,1.504898,1426.97
15,AoSoA-16,32,6.669044,322.00
15,AoSoA-16,33,4.478931,479.46
15,AoSoA-16,34,1.479864,1451.11
15,AoSoA-16,35,1.640797,1308.79
15,AoSoA-16,36,1.487017,1444.13
15,AoSoA-16,37,1.466990,1463.85
15,AoSoA-16,38,1.490831,1440.44
15,AoSoA-16,39,1.495123,1436.30
15,AoSoA-16,40,1.477003,1453.92
15,AoSoA-16,41,1.478910,1452.05
15,AoSoA-16,42,1.498938,1432.65
15,AoSoA-16,43,1.498938,1432.65
15,AoSoA-16,44,8.198023,261.95
15,AoSoA-16,45,5.002975,429.23
15,AoSoA-16,46,1.491070,1440.21
15,AoSoA-16,47,1.522064,1410.88
15,AoSoA-16,48,2.014875,1065.80
15,AoSoA-16,49,1.516104,1416.43
15,AoSoA-64,0,1.833200,1171.42
15,AoSoA-64,1,8.729935,245.99
15,AoSoA-64,2,1.885176,1139.13
15,AoSoA-64,3,1.883984,1139.85
15,AoSoA-64,4,1.903057,1128.42
15,AoSoA-64,5,1.909018,1124.90
15,AoSoA-64,6,1.899004,1130.83
15,AoSoA-64,7,1.895905,1132.68
15,AoSoA-64,8,1.877069,1144.04
15,AoSoA-64,9,1.909971,1124.34
15,AoSoA-64,10,1.908064,1125.46
15,AoSoA-64,11,1.878977,1142.88
15,AoSoA-64,12,1.918793,1119.17
15,AoSoA-64,13,1.876116,1144.63
15,AoSoA-64,14,9.632826,222.93
15,AoSoA-64,15,1.871824,1147.25
15,AoSoA-64,16,1.899958,1130.26
15,AoSoA-64,17,11.538029,186.12
15,AoSoA-64,18,1.888990,1136.82
15,AoSoA-64,19,1.969099,1090.58
15,AoSoA-64,20,1.917124,1120.14
15,AoSoA-64,21,1.890182,1136.11
15,AoSoA-64,22,1.904964,1127.29
15,AoSoA-64,23,1.892090,1134.96
15,AoSoA-64,24,1.897812,1131.54
15,AoSoA-64,25,1.891136,1135.53
15,AoSoA-64,26,1.879215,1142.74
15,AoSoA-64,27,1.881838,1141.15
15,AoSoA-64,28,1.899958,1130.26
15,AoSoA-64,29,1.898050,1131.40
15,AoSoA-64,30,9.232998,232.58
15,AoSoA-64,31,1.905918,1126.73
15,AoSoA-64,32,1.883030,1140.42
15,AoSoA-64,33,1.907110,1126.02
15,AoSoA-64,34,1.886129,1138.55
15,AoSoA-64,35,1.889944,1136.25
15,AoSoA-64,36,1.902103,1128.99
15,AoSoA-64,37,2.243042,957.38
15,AoSoA-64,38,1.875877,1144.77
15,AoSoA-64,39,1.894951,1133.25
15,AoSoA-64,40,1.890898,1135.68
15,AoSoA-64,41,1.913071,1122.52
15,AoSoA-64,42,1.884937,1139.27
15,AoSoA-64,43,2.207994,972.58
15,AoSoA-64,44,1.884222,1139.70
15,AoSoA-64,45,1.940012,1106.93
15,AoSoA-64,46,2.089024,1027.97
15,AoSoA-64,47,3.602982,596.02
15,AoSoA-64,48,1.886129,1138.55
15,AoSoA-64,49,1.898050,1131.40
15,AoSoA-128,0,1.785994,1202.38
15,AoSoA-128,1,1.832008,1172.18
15,AoSoA-128,2,1.874924,1145.35
15,AoSoA-128,3,1.869917,1148.42
15,AoSoA-128,4,1.908064,1125.46
15,AoSoA-128,5,1.865864,1150.92
15,AoSoA-128,6,1.863956,1152.09
15,AoSoA-128,7,1.870871,1147.84
15,AoSoA-128,8,1.844168,1164.46
15,AoSoA-128,9,1.867056,1150.18
15,AoSoA-128,10,1.863003,1152.68
15,AoSoA-128,11,1.849890,1160.85
15,AoSoA-128,12,1.857042,1156.38
15,AoSoA-128,13,1.812935,1184.52
15,AoSoA-128,14,2.402067,894.00
15,AoSoA-128,15,1.857996,1155.79
15,AoSoA-128,16,1.822948,1178.01
15,AoSoA-128,17,1.867056,1150.18
15,AoSoA-128,18,1.872063,1147.10
15,AoSoA-128,19,1.805067,1189.68
15,AoSoA-128,20,1.842022,1165.81
15,AoSoA-128,21,1.857996,1155.79
15,AoSoA-128,22,1.852989,1158.91
15,AoSoA-128,23,9.510994,225.79
15,AoSoA-128,24,1.899958,1130.26
15,AoSoA-128,25,1.904964,1127.29
15,AoSoA-128,26,1.882076,1141.00
15,AoSoA-128,27,1.809120,1187.01
15,AoSoA-128,28,1.812935,1184.52
15,AoSoA-128,29,1.832008,1172.18
15,AoSoA-128,30,1.938105,1108.02
15,AoSoA-128,31,1.864910,1151.50
15,AoSoA-128,32,1.858950,1155.20
15,AoSoA-128,33,1.867056,1150.18
15,AoSoA-128,34,1.883984,1139.85
15,AoSoA-128,35,1.853943,1158.32
15,AoSoA-128,36,1.835108,1170.20
15,AoSoA-128,37,1.868963,1149.01
15,AoSoA-128,38,1.838923,1167.78
15,AoSoA-128,39,1.808882,1187.17
15,AoSoA-128,40,1.854897,1157.72
15,AoSoA-128,41,1.847029,1162.65
15,AoSoA-128,42,1.893997,1133.82
15,AoSoA-128,43,3.293991,651.93
15,AoSoA-128,44,1.851082,1160.11
15,AoSoA-128,45,1.872063,1147.10
15,AoSoA-128,46,1.845837,1163.40
15,AoSoA-128,47,1.836061,1169.60
15,AoSoA-128,48,1.821995,1178.63
15,AoSoA-128,49,1.866102,1150.77
15,AoSoA-512,0,2.443075,879.00
15,AoSoA-512,1,1.748085,1228.46
15,AoSoA-512,2,1.755953,1222.95
15,AoSoA-512,3,1.745939,1229.97
15,AoSoA-512,4,1.767874,1214.71
15,AoSoA-512,5,1.746893,1229.30
15,AoSoA-512,6,1.767159,1215.20
15,AoSoA-512,7,10.687113,200.94
15,AoSoA-512,8,1.754045,1224.28
15,AoSoA-512,9,1.783133,1204.31
15,AoSoA-512,10,1.794815,1196.47
15,AoSoA-512,11,1.788139,1200.94
15,AoSoA-512,12,2.354145,912.20
15,AoSoA-512,13,1.759052,1220.80
15,AoSoA-512,14,1.760960,1219.48
15,AoSoA-512,15,1.791000,1199.02
15,AoSoA-512,16,1.774073,1210.46
15,AoSoA-512,17,1.761913,1218.82
15,AoSoA-512,18,1.766920,1215.36
15,AoSoA-512,19,1.747847,1228.63
15,AoSoA-512,20,1.793146,1197.59
15,AoSoA-512,21,1.771927,1211.93
15,AoSoA-512,22,2.089024,1027.97
15,AoSoA-512,23,1.765966,1216.02
15,AoSoA-512,24,1.775980,1209.16
15,AoSoA-512,25,1.762867,1218.16
15,AoSoA-512,26,1.792908,1197.75
15,AoSoA-512,27,26.258945,81.78
15,AoSoA-512,28,1.760006,1220.14
15,AoSoA-512,29,1.760006,1220.14
15,AoSoA-512,30,1.767874,1214.71
15,AoSoA-512,31,1.744986,1230.64
15,AoSoA-512,32,7.204056,298.09
15,AoSoA-512,33,1.942158,1105.70
15,AoSoA-512,34,10.029078,214.12
15,AoSoA-512,35,4.825115,445.06
15,AoSoA-512,36,1.757145,1222.13
15,AoSoA-512,37,1.788139,1200.94
15,AoSoA-512,38,1.792908,1197.75
15,AoSoA-512,39,1.749992,1227.12
15,AoSoA-512,40,1.981020,1084.01
15,AoSoA-512,41,1.767874,1214.71
15,AoSoA-512,42,1.799107,1193.62
15,AoSoA-512,43,1.784086,1203.67
15,AoSoA-512,44,1.761913,1218.82
15,AoSoA-512,45,1.758099,1221.46
15,AoSoA-512,46,1.768112,1214.54
15,AoSoA-512,47,1.760960,1219.48
15,AoSoA-512,48,1.766920,1215.36
15,AoSoA-512,49,1.779079,1207.06
18,AoS,0,2.809048,764.46
18,AoS,1,2.881050,745.35
18,AoS,2,2.901077,740.21
18,AoS,3,2.882004,745.11
18,AoS,4,2.914190,736.88
18,AoS,5,2.917051,736.15
18,AoS,6,2.931833,732.44
18,AoS,7,3.095865,693.64
18,AoS,8,2.935886,731.43
18,AoS,9,2.995968,716.76
18,AoS,10,2.923965,734.41
18,AoS,11,2.887964,743.57
18,AoS,12,2.909899,737.96
18,AoS,13,2.877951,746.16
18,AoS,14,2.887964,743.57
18,AoS,15,2.887011,743.81
18,AoS,16,2.877951,746.16
18,AoS,17,2.902985,739.72
18,AoS,18,2.997875,716.31
18,AoS,19,2.917051,736.15
18,AoS,20,2.908945,738.21
18,AoS,21,2.861023,750.57
18,AoS,22,2.879858,745.66
18,AoS,23,3.299952,650.74
18,AoS,24,2.854109,752.39
18,AoS,25,2.902031,739.97
18,AoS,26,2.875090,746.90
18,AoS,27,2.884150,744.55
18,AoS,28,2.898932,740.76
18,AoS,29,2.859116,751.07
18,AoS,30,2.908945,738.21
18,AoS,31,2.907038,738.69
18,AoS,32,2.908945,738.21
18,AoS,33,2.885103,744.31
18,AoS,34,2.884150,744.55
18,AoS,35,3.461838,620.31
18,AoS,36,2.864122,749.76
18,AoS,37,2.886772,743.88
18,AoS,38,2.873898,747.21
18,AoS,39,2.871037,747.95
18,AoS,40,2.874851,746.96
18,AoS,41,2.912998,737.18
18,AoS,42,2.897024,741.24
18,AoS,43,2.886057,744.06
18,AoS,44,2.933979,731.91
18,AoS,45,3.565073,602.34
18,AoS,46,4.554987,471.44
18,AoS,47,2.882957,744.86
18,AoS,48,21.715164,98.89
18,AoS,49,7.916927,271.24
18,SoA,0,3.829002,560.83
18,SoA,1,3.926992,546.83
18,SoA,2,3.745079,573.39
18,SoA,3,3.779888,568.11
18,SoA,4,3.866911,555.33
18,SoA,5,3.752947,572.19
18,SoA,6,3.802061,564.80
18,SoA,7,3.779173,568.22
18,SoA,8,3.762960,570.67
18,SoA,9,3.864050,555.74
18,SoA,10,3.854990,557.04
18,SoA,11,3.756046,571.72
18,SoA,12,3.760099,571.10
18,SoA,13,3.809929,563.63
18,SoA,14,3.801107,564.94
18,SoA,15,3.746033,573.25
18,SoA,16,3.744125,573.54
18,SoA,17,3.830194,560.65
18,SoA,18,3.725052,576.48
18,SoA,19,3.738880,574.34
18,SoA,20,3.769875,569.62
18,SoA,21,3.779888,568.11
18,SoA,22,3.813982,563.03
18,SoA,23,3.777027,568.54
18,SoA,24,3.786802,567.08
18,SoA,25,3.762007,570.81
18,SoA,26,3.849030,557.91
18,SoA,27,3.803015,564.66
18,SoA,28,3.724813,576.51
18,SoA,29,3.751040,572.48
18,SoA,30,3.811836,563.35
18,SoA,31,3.747940,572.96
18,SoA,32,3.860950,556.18
18,SoA,33,30.086994,71.37
18,SoA,34,3.813982,563.03
18,SoA,35,3.856182,556.87
18,SoA,36,3.757954,571.43
18,SoA,37,3.748894,572.81
18,SoA,38,3.834009,560.09
18,SoA,39,3.843069,558.77
18,SoA,40,3.736019,574.78
18,SoA,41,3.781080,567.93
18,SoA,42,4.172087,514.71
18,SoA,43,3.796816,565.58
18,SoA,44,3.757000,571.57
18,SoA,45,3.785849,567.22
18,SoA,46,3.756046,571.72
18,SoA,47,3.798008,565.40
18,SoA,48,3.764868,570.38
18,SoA,49,3.753901,572.05
18,AoSoA-16,0,1.361132,1577.66
18,AoSoA-16,1,1.487970,1443.18
18,AoSoA-16,2,8.256197,260.10
18,AoSoA-16,3,5.223036,411.14
18,AoSoA-16,4,1.494884,1436.50
18,AoSoA-16,5,1.512051,1420.19
18,AoSoA-16,6,1.477957,1452.95
18,AoSoA-16,7,1.497984,1433.53
18,AoSoA-16,8,1.502991,1428.75
18,AoSoA-16,9,1.481056,1449.91
18,AoSoA-16,10,1.487970,1443.18
18,AoSoA-16,11,1.477003,1453.89
18,AoSoA-16,12,1.477957,1452.95
18,AoSoA-16,13,1.471996,1458.84
18,AoSoA-16,14,1.468897,1461.91
18,AoSoA-16,15,1.633883,1314.29
18,AoSoA-16,16,2.866983,749.01
18,AoSoA-16,17,1.485109,1445.96
18,AoSoA-16,18,1.477957,1452.95
18,AoSoA-16,19,1.489162,1442.02
18,AoSoA-16,20,1.523972,1409.08
18,AoSoA-16,21,1.513004,1419.30
18,AoSoA-16,22,1.515150,1417.29
18,AoSoA-16,23,1.526833,1406.44
18,AoSoA-16,24,2.400875,894.42
18,AoSoA-16,25,1.507998,1424.01
18,AoSoA-16,26,1.534939,1399.01
18,AoSoA-16,27,3.865004,555.60
18,AoSoA-16,28,1.524925,1408.20
18,AoSoA-16,29,1.506090,1425.81
18,AoSoA-16,30,1.527071,1406.22
18,AoSoA-16,31,1.514912,1417.51
18,AoSoA-16,32,1.495123,1436.27
18,AoSoA-16,33,1.512051,1420.19
18,AoSoA-16,34,1.923084,1116.64
18,AoSoA-16,35,1.513004,1419.30
18,AoSoA-16,36,1.489162,1442.02
18,AoSoA-16,37,1.520157,1412.62
18,AoSoA-16,38,1.506805,1425.14
18,AoSoA-16,39,1.538992,1395.33
18,AoSoA-16,40,1.502991,1428.75
18,AoSoA-16,41,1.522064,1410.85
18,AoSoA-16,42,5.480051,391.86
18,AoSoA-16,43,1.497984,1433.53
18,AoSoA-16,44,1.523972,1409.08
18,AoSoA-16,45,1.512051,1420.19
18,AoSoA-16,46,1.540899,1393.60
18,AoSoA-16,47,1.513958,1418.40
18,AoSoA-16,48,1.484871,1446.19
18,AoSoA-16,49,1.503944,1427.85
18,AoSoA-64,0,1.826048,1175.98
18,AoSoA-64,1,1.876116,1144.60
18,AoSoA-64,2,1.898050,1131.37
18,AoSoA-64,3,1.920938,1117.89
18,AoSoA-64,4,1.947165,1102.84
18,AoSoA-64,5,1.931906,1111.55
18,AoSoA-64,6,1.936913,1108.67
18,AoSoA-64,7,1.888037,1137.37
18,AoSoA-64,8,1.897097,1131.94
18,AoSoA-64,9,1.899004,1130.80
18,AoSoA-64,10,1.909018,1124.87
18,AoSoA-64,11,1.909018,1124.87
18,AoSoA-64,12,1.911163,1123.61
18,AoSoA-64,13,1.889944,1136.23
18,AoSoA-64,14,1.918077,1119.56
18,AoSoA-64,15,1.889944,1136.23
18,AoSoA-64,16,1.899004,1130.80
18,AoSoA-64,17,1.910925,1123.75
18,AoSoA-64,18,1.890898,1135.65
18,AoSoA-64,19,1.879930,1142.28
18,AoSoA-64,20,1.873016,1146.49
18,AoSoA-64,21,1.868963,1148.98
18,AoSoA-64,22,1.896143,1132.51
18,AoSoA-64,23,1.919985,1118.45
18,AoSoA-64,24,3.159046,679.76
18,AoSoA-64,25,1.878977,1142.86
18,AoSoA-64,26,1.883984,1139.82
18,AoSoA-64,27,1.904011,1127.83
18,AoSoA-64,28,5.975962,359.34
18,AoSoA-64,29,1.888990,1136.80
18,AoSoA-64,30,1.888037,1137.37
18,AoSoA-64,31,1.909971,1124.31
18,AoSoA-64,32,1.899004,1130.80
18,AoSoA-64,33,1.888037,1137.37
18,AoSoA-64,34,1.901865,1129.10
18,AoSoA-64,35,1.921177,1117.75
18,AoSoA-64,36,1.892805,1134.51
18,AoSoA-64,37,1.893044,1134.36
18,AoSoA-64,38,1.914978,1121.37
18,AoSoA-64,39,1.935005,1109.77
18,AoSoA-64,40,1.877069,1144.02
18,AoSoA-64,41,1.893997,1133.79
18,AoSoA-64,42,22.891998,93.81
18,AoSoA-64,43,2.470970,869.05
18,AoSoA-64,44,1.884937,1139.24
18,AoSoA-64,45,1.893044,1134.36
18,AoSoA-64,46,1.904011,1127.83
18,AoSoA-64,47,1.946926,1102.97
18,AoSoA-64,48,10.186195,210.81
18,AoSoA-64,49,1.905203,1127.12
18,AoSoA-128,0,1.759052,1220.77
18,AoSoA-128,1,3.031015,708.48
18,AoSoA-128,2,1.876116,1144.60
18,AoSoA-128,3,1.841068,1166.39
18,AoSoA-128,4,1.881123,1141.55
18,AoSoA-128,5,1.904011,1127.83
18,AoSoA-128,6,1.855135,1157.54
18,AoSoA-128,7,1.842976,1165.18
18,AoSoA-128,8,1.852989,1158.89
18,AoSoA-128,9,1.868010,1149.57
18,AoSoA-128,10,1.875162,1145.18
18,AoSoA-128,11,1.843929,1164.58
18,AoSoA-128,12,1.849890,1160.83
18,AoSoA-128,13,1.919031,1119.00
18,AoSoA-128,14,1.908064,1125.43
18,AoSoA-128,15,1.878023,1143.44
18,AoSoA-128,16,2.811909,763.68
18,AoSoA-128,17,1.863003,1152.66
18,AoSoA-128,18,1.852989,1158.89
18,AoSoA-128,19,8.466005,253.65
18,AoSoA-128,20,3.083944,696.32
18,AoSoA-128,21,1.830816,1172.92
18,AoSoA-128,22,1.820087,1179.83
18,AoSoA-128,23,1.847029,1162.62
18,AoSoA-128,24,1.880884,1141.70
18,AoSoA-128,25,1.851082,1160.08
18,AoSoA-128,26,1.871824,1147.22
18,AoSoA-128,27,1.884937,1139.24
18,AoSoA-128,28,1.865864,1150.89
18,AoSoA-128,29,2.660990,806.99
18,AoSoA-128,30,1.854897,1157.69
18,AoSoA-128,31,1.875877,1144.75
18,AoSoA-128,32,1.857042,1156.36
18,AoSoA-128,33,1.853943,1158.29
18,AoSoA-128,34,1.856089,1156.95
18,AoSoA-128,35,1.865864,1150.89
18,AoSoA-128,36,1.839876,1167.14
18,AoSoA-128,37,3.151178,681.46
18,AoSoA-128,38,1.878023,1143.44
18,AoSoA-128,39,8.932829,240.39
18,AoSoA-128,40,1.864910,1151.48
18,AoSoA-128,41,1.877069,1144.02
18,AoSoA-128,42,1.843929,1164.58
18,AoSoA-128,43,1.841068,1166.39
18,AoSoA-128,44,1.878023,1143.44
18,AoSoA-128,45,1.874208,1145.76
18,AoSoA-128,46,1.888990,1136.80
18,AoSoA-128,47,1.858950,1155.17
18,AoSoA-128,48,2.234936,960.83
18,AoSoA-128,49,1.903057,1128.40
18,AoSoA-512,0,1.681089,1277.39
18,AoSoA-512,1,1.724005,1245.59
18,AoSoA-512,2,1.770973,1212.55
18,AoSoA-512,3,1.801014,1192.33
18,AoSoA-512,4,1.760006,1220.11
18,AoSoA-512,5,1.745939,1229.94
18,AoSoA-512,6,1.791000,1199.00
18,AoSoA-512,7,1.743793,1231.45
18,AoSoA-512,8,1.754999,1223.59
18,AoSoA-512,9,1.802921,1191.07
18,AoSoA-512,10,1.770973,1212.55
18,AoSoA-512,11,1.744032,1231.29
18,AoSoA-512,12,1.769781,1213.37
18,AoSoA-512,13,1.778126,1207.68
18,AoSoA-512,14,2.730131,786.56
18,AoSoA-512,15,1.803160,1190.91
18,AoSoA-512,16,1.770973,1212.55
18,AoSoA-512,17,1.754045,1224.26
18,AoSoA-512,18,1.756907,1222.26
18,AoSoA-512,19,1.758814,1220.94
18,AoSoA-512,20,1.806021,1189.02
18,AoSoA-512,21,1.758099,1221.43
18,AoSoA-512,22,1.837015,1168.96
18,AoSoA-512,23,1.797199,1194.86
18,AoSoA-512,24,1.767874,1214.68
18,AoSoA-512,25,1.772881,1211.25
18,AoSoA-512,26,1.770973,1212.55
18,AoSoA-512,27,1.768827,1214.03
18,AoSoA-512,28,1.769066,1213.86
18,AoSoA-512,29,1.787901,1201.07
18,AoSoA-512,30,1.791000,1199.00
18,AoSoA-512,31,1.770020,1213.21
18,AoSoA-512,32,1.794100,1196.92
18,AoSoA-512,33,1.765013,1216.65
18,AoSoA-512,34,1.785994,1202.36
18,AoSoA-512,35,1.768827,1214.03
18,AoSoA-512,36,1.777887,1207.84
18,AoSoA-512,37,1.770973,1212.55
18,AoSoA-512,38,1.767874,1214.68
18,AoSoA-512,39,1.765013,1216.65
18,AoSoA-512,40,1.769066,1213.86
18,AoSoA-512,41,1.769066,1213.86
18,AoSoA-512,42,1.758814,1220.94
18,AoSoA-512,43,1.788139,1200.91
18,AoSoA-512,44,1.744986,1230.61
18,AoSoA-512,45,1.764059,1217.31
18,AoSoA-512,46,1.769066,1213.86
18,AoSoA-512,47,1.803875,1190.44
18,AoSoA-512,48,1.766920,1215.34
18,AoSoA-512,49,1.771927,1211.90
21,AoS,0,2.808094,764.74
21,AoS,1,4.922152,436.29
21,AoS,2,2.881050,745.38
21,AoS,3,2.893925,742.06
21,AoS,4,2.916098,736.42
21,AoS,5,2.913952,736.96
21,AoS,6,2.882957,744.89
21,AoS,7,2.887011,743.84
21,AoS,8,2.902985,739.75
21,AoS,9,2.892017,742.55
21,AoS,10,2.925158,734.14
21,AoS,11,10.456085,205.38
21,AoS,12,2.912045,737.45
21,AoS,13,2.876997,746.43
21,AoS,14,2.904892,739.26
21,AoS,15,10.529041,203.96
21,AoS,16,4.548073,472.17
21,AoS,17,2.889872,743.10
21,AoS,18,2.905130,739.20
21,AoS,19,2.863169,750.03
21,AoS,20,2.862930,750.10
21,AoS,21,3.483057,616.55
21,AoS,22,2.889872,743.10
21,AoS,23,3.825903,561.30
21,AoS,24,4.530907,473.96
21,AoS,25,2.877951,746.18
21,AoS,26,2.880096,745.63
21,AoS,27,2.894878,741.82
21,AoS,28,2.866983,749.04
21,AoS,29,2.880096,745.63
21,AoS,30,2.903938,739.50
21,AoS,31,2.872944,747.48
21,AoS,32,2.876997,746.43
21,AoS,33,8.928061,240.53
21,AoS,34,8.205175,261.72
21,AoS,35,4.368067,491.63
21,AoS,36,2.882004,745.13
21,AoS,37,2.908945,738.23
21,AoS,38,2.893925,742.06
21,AoS,39,2.954960,726.74
21,AoS,40,2.895117,741.76
21,AoS,41,2.884865,744.39
21,AoS,42,16.028166,133.98
21,AoS,43,2.912045,737.45
21,AoS,44,2.868891,748.54
21,AoS,45,2.871037,747.98
21,AoS,46,2.882957,744.89
21,AoS,47,2.895117,741.76
21,AoS,48,2.928019,733.42
21,AoS,49,2.867937,748.79
21,SoA,0,2.106905,1019.26
21,SoA,1,1.930952,1112.13
21,SoA,2,3.356934,639.71
21,SoA,3,2.048969,1048.08
21,SoA,4,1.958847,1096.30
21,SoA,5,1.909971,1124.35
21,SoA,6,1.882076,1141.01
21,SoA,7,1.885891,1138.71
21,SoA,8,1.836061,1169.61
21,SoA,9,1.863956,1152.11
21,SoA,10,1.868963,1149.02
21,SoA,11,1.855135,1157.58
21,SoA,12,1.971006,1089.53
21,SoA,13,3.885984,552.62
21,SoA,14,1.844883,1164.02
21,SoA,15,1.873970,1145.95
21,SoA,16,1.879930,1142.32
21,SoA,17,1.807928,1187.81
21,SoA,18,1.971960,1089.01
21,SoA,19,2.014160,1066.19
21,SoA,20,1.884937,1139.28
21,SoA,21,1.873016,1146.53
21,SoA,22,1.881123,1141.59
21,SoA,23,1.962900,1094.03
21,SoA,24,1.823902,1177.41
21,SoA,25,1.835108,1170.22
21,SoA,26,1.918077,1119.60
21,SoA,27,8.121014,264.43
21,SoA,28,2.495050,860.69
21,SoA,29,2.751112,780.58
21,SoA,30,1.835108,1170.22
21,SoA,31,1.855135,1157.58
21,SoA,32,1.886129,1138.56
21,SoA,33,1.878977,1142.90
21,SoA,34,1.889944,1136.26
21,SoA,35,1.852989,1158.92
21,SoA,36,2.846956,754.31
21,SoA,37,1.893997,1133.83
21,SoA,38,1.828194,1174.64
21,SoA,39,1.834869,1170.37
21,SoA,40,1.873970,1145.95
21,SoA,41,1.834154,1170.83
21,SoA,42,1.878023,1143.48
21,SoA,43,1.847982,1162.06
21,SoA,44,1.883030,1140.44
21,SoA,45,9.996891,214.81
21,SoA,46,1.809835,1186.56
21,SoA,47,1.893044,1134.40
21,SoA,48,1.818180,1181.11
21,SoA,49,1.858950,1155.21
21,AoSoA-16,0,1.361132,1577.71
21,AoSoA-16,1,1.488924,1442.30
21,AoSoA-16,2,1.483917,1447.17
21,AoSoA-16,3,1.500845,1430.84
21,AoSoA-16,4,1.480103,1450.90
21,AoSoA-16,5,1.518011,1414.66
21,AoSoA-16,6,1.505136,1426.76
21,AoSoA-16,7,9.661913,222.26
21,AoSoA-16,8,27.577162,77.87
21,AoSoA-16,9,1.489878,1441.38
21,AoSoA-16,10,8.239985,260.62
21,AoSoA-16,11,1.496792,1434.72
21,AoSoA-16,12,1.520157,1412.67
21,AoSoA-16,13,1.486063,1445.08
21,AoSoA-16,14,1.500130,1431.53
21,AoSoA-16,15,1.492023,1439.30
21,AoSoA-16,16,1.515865,1416.67
21,AoSoA-16,17,1.492977,1438.38
21,AoSoA-16,18,1.511097,1421.14
21,AoSoA-16,19,1.521826,1411.12
21,AoSoA-16,20,1.497984,1433.58
21,AoSoA-16,21,8.279085,259.39
21,AoSoA-16,22,1.489878,1441.38
21,AoSoA-16,23,1.522064,1410.90
21,AoSoA-16,24,1.509905,1422.26
21,AoSoA-16,25,1.528978,1404.52
21,AoSoA-16,26,1.523972,1409.13
21,AoSoA-16,27,1.499891,1431.75
21,AoSoA-16,28,1.515865,1416.67
21,AoSoA-16,29,1.486063,1445.08
21,AoSoA-16,30,1.496077,1435.40
21,AoSoA-16,31,2.178907,985.57
21,AoSoA-16,32,4.895926,438.63
21,AoSoA-16,33,5.188942,413.86
21,AoSoA-16,34,5.906820,363.56
21,AoSoA-16,35,1.510143,1422.03
21,AoSoA-16,36,1.502991,1428.80
21,AoSoA-16,37,1.525164,1408.03
21,AoSoA-16,38,1.487017,1444.15
21,AoSoA-16,39,1.509905,1422.26
21,AoSoA-16,40,1.523972,1409.13
21,AoSoA-16,41,1.495123,1436.32
21,AoSoA-16,42,1.522064,1410.90
21,AoSoA-16,43,1.491070,1440.22
21,AoSoA-16,44,1.522064,1410.90
21,AoSoA-16,45,1.517057,1415.55
21,AoSoA-16,46,1.522064,1410.90
21,AoSoA-16,47,1.489878,1441.38
21,AoSoA-16,48,1.499176,1432.44
21,AoSoA-16,49,1.507998,1424.06
21,AoSoA-64,0,2.805948,765.33
21,AoSoA-64,1,1.883030,1140.44
21,AoSoA-64,2,1.882076,1141.01
21,AoSoA-64,3,2.207994,972.59
21,AoSoA-64,4,1.876831,1144.20
21,AoSoA-64,5,1.896858,1132.12
21,AoSoA-64,6,1.882076,1141.01
21,AoSoA-64,7,1.894951,1133.26
21,AoSoA-64,8,1.888037,1137.41
21,AoSoA-64,9,1.888990,1136.84
21,AoSoA-64,10,1.900911,1129.71
21,AoSoA-64,11,1.941919,1105.85
21,AoSoA-64,12,1.899004,1130.84
21,AoSoA-64,13,2.019167,1063.55
21,AoSoA-64,14,1.870871,1147.85
21,AoSoA-64,15,1.868010,1149.61
21,AoSoA-64,16,1.883984,1139.86
21,AoSoA-64,17,1.882076,1141.01
21,AoSoA-64,18,1.888990,1136.84
21,AoSoA-64,19,1.900911,1129.71
21,AoSoA-64,20,1.891136,1135.55
21,AoSoA-64,21,1.900196,1130.13
21,AoSoA-64,22,1.877069,1144.06
21,AoSoA-64,23,1.879930,1142.32
21,AoSoA-64,24,1.878977,1142.90
21,AoSoA-64,25,1.897097,1131.98
21,AoSoA-64,26,2.606869,823.78
21,AoSoA-64,27,7.814169,274.82
21,AoSoA-64,28,1.887083,1137.99
21,AoSoA-64,29,1.892090,1134.98
21,AoSoA-64,30,1.898050,1131.41
21,AoSoA-64,31,1.878023,1143.48
21,AoSoA-64,32,1.873970,1145.95
21,AoSoA-64,33,1.873970,1145.95
21,AoSoA-64,34,1.898050,1131.41
21,AoSoA-64,35,1.892805,1134.55
21,AoSoA-64,36,1.894951,1133.26
21,AoSoA-64,37,1.878023,1143.48
21,AoSoA-64,38,3.332853,644.34
21,AoSoA-64,39,1.898050,1131.41
21,AoSoA-64,40,1.896143,1132.55
21,AoSoA-64,41,1.913071,1122.53
21,AoSoA-64,42,8.431911,254.68
21,AoSoA-64,43,19.590855,109.62
21,AoSoA-64,44,7.045984,304.78
21,AoSoA-64,45,10.266066,209.18
21,AoSoA-64,46,3.757000,571.59
21,AoSoA-64,47,1.894951,1133.26
21,AoSoA-64,48,1.899004,1130.84
21,AoSoA-64,49,1.883030,1140.44
21,AoSoA-128,0,1.754045,1224.30
21,AoSoA-128,1,1.801968,1191.74
21,AoSoA-128,2,1.856804,1156.54
21,AoSoA-128,3,1.874924,1145.37
21,AoSoA-128,4,1.833200,1171.44
21,AoSoA-128,5,1.816988,1181.89
21,AoSoA-128,6,1.837969,1168.40
21,AoSoA-128,7,1.848936,1161.47
21,AoSoA-128,8,1.848936,1161.47
21,AoSoA-128,9,1.837015,1169.00
21,AoSoA-128,10,1.853943,1158.33
21,AoSoA-128,11,1.845837,1163.42
21,AoSoA-128,12,1.855850,1157.14
21,AoSoA-128,13,1.898050,1131.41
21,AoSoA-128,14,1.822948,1178.02
21,AoSoA-128,15,1.855850,1157.14
21,AoSoA-128,16,1.854897,1157.73
21,AoSoA-128,17,1.861811,1153.43
21,AoSoA-128,18,1.860857,1154.02
21,AoSoA-128,19,2.353907,912.30
21,AoSoA-128,20,1.830101,1173.42
21,AoSoA-128,21,1.821041,1179.26
21,AoSoA-128,22,1.848936,1161.47
21,AoSoA-128,23,1.859188,1155.06
21,AoSoA-128,24,1.842976,1165.22
21,AoSoA-128,25,1.882076,1141.01
21,AoSoA-128,26,1.826048,1176.02
21,AoSoA-128,27,1.873970,1145.95
21,AoSoA-128,28,1.840115,1167.03
21,AoSoA-128,29,1.842976,1165.22
21,AoSoA-128,30,1.844168,1164.47
21,AoSoA-128,31,1.837969,1168.40
21,AoSoA-128,32,1.899958,1130.28
21,AoSoA-128,33,1.835108,1170.22
21,AoSoA-128,34,1.823902,1177.41
21,AoSoA-128,35,2.326012,923.24
21,AoSoA-128,36,1.838923,1167.79
21,AoSoA-128,37,1.873016,1146.53
21,AoSoA-128,38,1.805067,1189.69
21,AoSoA-128,39,1.836061,1169.61
21,AoSoA-128,40,3.355026,640.08
21,AoSoA-128,41,1.882076,1141.01
21,AoSoA-128,42,1.829863,1173.57
21,AoSoA-128,43,6.371975,337.02
21,AoSoA-128,44,2.647161,811.24
21,AoSoA-128,45,1.828909,1174.18
21,AoSoA-128,46,1.867056,1150.19
21,AoSoA-128,47,1.808882,1187.18
21,AoSoA-128,48,1.847029,1162.66
21,AoSoA-128,49,1.870871,1147.85
21,AoSoA-512,0,1.671076,1285.09
21,AoSoA-512,1,1.734972,1237.76
21,AoSoA-512,2,2.121925,1012.04
21,AoSoA-512,3,1.754999,1223.63
21,AoSoA-512,4,1.749992,1227.13
21,AoSoA-512,5,1.785040,1203.04
21,AoSoA-512,6,1.765966,1216.03
21,AoSoA-512,7,3.575087,600.68
21,AoSoA-512,8,1.765966,1216.03
21,AoSoA-512,9,1.777887,1207.88
21,AoSoA-512,10,1.768112,1214.56
21,AoSoA-512,11,1.780987,1205.78
21,AoSoA-512,12,1.779079,1207.07
21,AoSoA-512,13,1.784086,1203.68
21,AoSoA-512,14,1.796961,1195.06
21,AoSoA-512,15,1.771927,1211.94
21,AoSoA-512,16,1.789093,1200.32
21,AoSoA-512,17,1.760006,1220.15
21,AoSoA-512,18,1.789093,1200.32
21,AoSoA-512,19,1.773119,1211.13
21,AoSoA-512,20,1.791954,1198.40
21,AoSoA-512,21,1.785040,1203.04
21,AoSoA-512,22,1.788139,1200.96
21,AoSoA-512,23,6.719112,319.61
21,AoSoA-512,24,1.765013,1216.69
21,AoSoA-512,25,1.768827,1214.07
21,AoSoA-512,26,1.757860,1221.64
21,AoSoA-512,27,1.770973,1212.60
21,AoSoA-512,28,1.792908,1197.76
21,AoSoA-512,29,1.793861,1197.12
21,AoSoA-512,30,1.754999,1223.63
21,AoSoA-512,31,1.790047,1199.68
21,AoSoA-512,32,1.775026,1209.83
21,AoSoA-512,33,1.771927,1211.94
21,AoSoA-512,34,8.060932,266.41
21,AoSoA-512,35,1.768827,1214.07
21,AoSoA-512,36,2.563953,837.56
21,AoSoA-512,37,1.763105,1218.01
21,AoSoA-512,38,8.439064,254.47
21,AoSoA-512,39,1.818180,1181.11
21,AoSoA-512,40,1.776934,1208.53
21,AoSoA-512,41,1.780987,1205.78
21,AoSoA-512,42,1.756907,1222.30
21,AoSoA-512,43,1.772881,1211.29
21,AoSoA-512,44,3.113031,689.83
21,AoSoA-512,45,1.754045,1224.30
21,AoSoA-512,46,1.777887,1207.88
21,AoSoA-512,47,2.239943,958.72
21,AoSoA-512,48,1.874208,1145.80
21,AoSoA-512,49,1.772881,1211.29
