nlev,variant,cell_dist,loop_order,target,block_bytes,vector_width,mu,W,delta_raw,delta_max,delta_uma,delta_numa,mu_delta_raw,mu_delta_uma,mu_delta_numa,sigma,cost_uma,cost_numa,ref_SL,ref_RL,ref_SR,ref_RR,ref_cost,span,W_delta,beta,alpha,gamma,P_NUMA,T
96,1,uniform,klon_first,cpu_scalar,64,1,4.998877,13.999780,1957.287962,4398.560433,1957.287962,1957.338493,8532.166516,8532.166516,8532.828943,68260.290018,4.998870,5.373868,4.219218,4.530782,4.781253,0.468747,5.533563,492392.228573,27401.601394,1,0.0124,1.8000,4,7864320
96,1,uniform,klon_first,cpu_avx512,64,8,39.928613,41.976172,256.051257,5928.892469,256.051257,256.181157,10200.870235,10200.870235,10206.169657,81630.624255,39.928449,42.928431,0.500426,8.249574,1.500021,3.749979,15.039221,493802.245572,10748.051572,1,0.0124,1.8000,4,983040
96,1,uniform,klon_first,gpu_scalar,128,1,4.497803,13.999561,1023.053890,2273.404528,1023.053890,1023.079155,4265.852927,4265.852927,4266.184104,68256.604271,4.497796,4.685294,4.485271,4.264729,5.015628,0.234372,4.854166,246196.113252,14322.304871,1,0.0124,1.8000,4,7864320
96,1,uniform,klon_first,gpu_warp32,128,32,141.649219,143.191016,37.035915,3409.850734,37.035915,37.148034,5245.322591,5245.322591,5261.166175,84019.768701,141.646952,147.646855,0.001314,8.748686,0.000085,5.249915,18.198550,247012.536027,5303.210332,1,0.0124,1.8000,4,245760
96,1,uniform,klon_first,gpu_wave64,128,64,278.671094,284.865625,20.227942,3439.929969,20.227942,20.431582,5646.514290,5646.514290,5703.863158,90658.558724,278.661964,290.661573,0.001847,8.748153,0.000171,5.249829,18.197872,247033.323006,5762.245220,1,0.0124,1.8000,4,122880
96,1,normal_var1,klon_first,cpu_scalar,64,1,3.169592,13.260925,1821.396591,4126.229179,1821.396591,1821.452044,4252.665523,4252.665523,4253.327951,34024.282079,3.169585,3.544583,5.868059,2.881941,4.781253,0.468747,3.905168,491536.778608,24153.404125,1,0.0124,1.8000,4,7864320
96,1,normal_var1,klon_first,cpu_avx512,64,8,24.966211,28.617090,206.978983,4949.091903,206.978983,207.175394,5134.672742,5134.672742,5139.972163,41101.044649,24.966094,27.966077,0.778161,7.971839,1.500021,3.749979,14.764931,493536.460827,5923.136162,1,0.0124,1.8000,4,983040
96,1,normal_var1,klon_first,gpu_scalar,128,1,2.584814,13.129028,986.981939,2205.111945,986.981939,987.009656,2126.238899,2126.238899,2126.570076,34022.779825,2.584807,2.772305,6.308000,2.442000,5.015628,0.234372,3.054038,245768.389118,12958.113827,1,0.0124,1.8000,4,7864320
96,1,normal_var1,klon_first,gpu_warp32,128,32,80.878906,83.241406,32.844651,3053.050578,32.844651,33.036869,2659.376579,2659.376579,2675.220163,42644.646419,80.877556,86.877458,0.000924,8.749076,0.000085,5.249915,18.198936,246975.222750,2734.034922,1,0.0124,1.8000,4,245760
96,1,normal_var1,klon_first,gpu_wave64,128,64,159.544531,164.128125,18.215395,3075.382051,18.215395,18.567043,2918.040592,2918.040592,2975.389460,47003.037174,159.539195,171.538804,0.000285,8.749715,0.000171,5.249829,18.199415,247014.405436,2989.658626,1,0.0124,1.8000,4,122880
96,1,normal_var4,klon_first,cpu_scalar,64,1,3.267639,13.347107,1763.213716,3987.965722,1763.213716,1763.269000,4270.693888,4270.693888,4271.356316,34168.508996,3.267632,3.642630,5.621147,3.128853,4.781253,0.468747,4.149018,491533.633181,23533.802011,1,0.0124,1.8000,4,7864320
96,1,normal_var4,klon_first,cpu_avx512,64,8,24.967383,28.785840,205.876229,4947.116815,205.876229,206.072602,5108.536117,5108.536117,5113.835538,40891.951648,24.967266,27.967249,0.913512,7.836488,1.500021,3.749979,14.631257,493531.075616,5926.320151,1,0.0124,1.8000,4,983040
96,1,normal_var4,klon_first,gpu_scalar,128,1,2.632471,13.175061,974.822919,2173.545346,974.822919,974.850548,2135.231762,2135.231762,2135.562939,34166.665632,2.632464,2.819962,6.183928,2.566072,5.015628,0.234372,3.176572,245766.816551,12843.351454,1,0.0124,1.8000,4,7864320
96,1,normal_var4,klon_first,gpu_warp32,128,32,80.853125,83.403125,32.669683,3051.964902,32.669683,32.861931,2644.507161,2644.507161,2660.350745,42406.735742,80.851775,86.851677,0.000533,8.749467,0.000085,5.249915,18.199322,246973.321236,2724.753682,1,0.0124,1.8000,4,245760
96,1,normal_var4,klon_first,gpu_wave64,128,64,159.369531,164.238281,18.312718,3074.131973,18.312718,18.666901,2926.769141,2926.769141,2984.118008,47142.694922,159.364259,171.363868,0.000285,8.749715,0.000171,5.249829,18.199415,247013.409188,3007.649385,1,0.0124,1.8000,4,122880
96,1,sequential,klon_first,cpu_scalar,64,1,3.124658,12.999951,1837.715148,4143.060172,1837.715148,1837.773195,4271.931146,4271.931146,4272.593574,34178.407066,3.124652,3.499650,5.968828,2.781172,4.781253,0.468747,3.805649,491530.744417,23890.207187,1,0.0124,1.8000,4,7864320
96,1,sequential,klon_first,cpu_avx512,64,8,24.965918,27.990137,204.579446,4950.523220,204.579446,204.778640,5073.804732,5073.804732,5079.104154,40614.100602,24.965805,27.965788,0.500622,8.249378,1.500021,3.749979,15.039028,493537.440960,5726.206665,1,0.0124,1.8000,4,983040
96,1,sequential,klon_first,gpu_scalar,128,1,2.561646,12.999817,993.128562,2209.007346,993.128562,993.157584,2135.832013,2135.832013,2136.163191,34176.269660,2.561639,2.749137,6.359563,2.390437,5.015628,0.234372,3.003115,245765.371746,12910.489461,1,0.0124,1.8000,4,7864320
96,1,sequential,klon_first,gpu_warp32,128,32,80.843359,82.629688,32.817363,3052.874114,32.817363,33.010774,2655.247070,2655.247070,2671.090654,42578.574528,80.842025,86.841928,0.000142,8.749858,0.000085,5.249915,18.199707,246975.553060,2711.688486,1,0.0124,1.8000,4,245760
96,1,sequential,klon_first,gpu_wave64,128,64,159.377344,163.489844,18.104175,3074.350288,18.104175,18.458347,2893.661882,2893.661882,2951.010749,46612.978776,159.372071,171.371681,0.000285,8.749715,0.000171,5.249829,18.199415,247014.851880,2959.848792,1,0.0124,1.8000,4,122880
96,1,uniform,klon_first,cpu_scalar,64,1,4.998877,13.999780,1957.287962,4398.560433,1957.287962,1957.338493,8532.166516,8532.166516,8532.828943,68260.290018,4.998870,5.373868,4.219218,4.530782,4.781253,0.468747,5.533563,492392.228573,27401.601394,1,0.0124,1.8000,4,7864320
96,1,uniform,klon_first,cpu_avx512,64,8,39.928613,41.976172,256.051257,5928.892469,256.051257,256.181157,10200.870235,10200.870235,10206.169657,81630.624255,39.928449,42.928431,0.500426,8.249574,1.500021,3.749979,15.039221,493802.245572,10748.051572,1,0.0124,1.8000,4,983040
96,1,uniform,klon_first,gpu_scalar,128,1,4.497803,13.999561,1023.053890,2273.404528,1023.053890,1023.079155,4265.852927,4265.852927,4266.184104,68256.604271,4.497796,4.685294,4.485271,4.264729,5.015628,0.234372,4.854166,246196.113252,14322.304871,1,0.0124,1.8000,4,7864320
96,1,uniform,klon_first,gpu_warp32,128,32,141.649219,143.191016,37.035915,3409.850734,37.035915,37.148034,5245.322591,5245.322591,5261.166175,84019.768701,141.646952,147.646855,0.001314,8.748686,0.000085,5.249915,18.198550,247012.536027,5303.210332,1,0.0124,1.8000,4,245760
96,1,uniform,klon_first,gpu_wave64,128,64,278.671094,284.865625,20.227942,3439.929969,20.227942,20.431582,5646.514290,5646.514290,5703.863158,90658.558724,278.661964,290.661573,0.001847,8.748153,0.000171,5.249829,18.197872,247033.323006,5762.245220,1,0.0124,1.8000,4,122880
96,1,normal_var1,klon_first,cpu_scalar,64,1,3.169592,13.260925,1821.396591,4126.229179,1821.396591,1821.452044,4252.665523,4252.665523,4253.327951,34024.282079,3.169585,3.544583,5.868059,2.881941,4.781253,0.468747,3.905168,491536.778608,24153.404125,1,0.0124,1.8000,4,7864320
96,1,normal_var1,klon_first,cpu_avx512,64,8,24.966211,28.617090,206.978983,4949.091903,206.978983,207.175394,5134.672742,5134.672742,5139.972163,41101.044649,24.966094,27.966077,0.778161,7.971839,1.500021,3.749979,14.764931,493536.460827,5923.136162,1,0.0124,1.8000,4,983040
96,1,normal_var1,klon_first,gpu_scalar,128,1,2.584814,13.129028,986.981939,2205.111945,986.981939,987.009656,2126.238899,2126.238899,2126.570076,34022.779825,2.584807,2.772305,6.308000,2.442000,5.015628,0.234372,3.054038,245768.389118,12958.113827,1,0.0124,1.8000,4,7864320
96,1,normal_var1,klon_first,gpu_warp32,128,32,80.878906,83.241406,32.844651,3053.050578,32.844651,33.036869,2659.376579,2659.376579,2675.220163,42644.646419,80.877556,86.877458,0.000924,8.749076,0.000085,5.249915,18.198936,246975.222750,2734.034922,1,0.0124,1.8000,4,245760
96,1,normal_var1,klon_first,gpu_wave64,128,64,159.544531,164.128125,18.215395,3075.382051,18.215395,18.567043,2918.040592,2918.040592,2975.389460,47003.037174,159.539195,171.538804,0.000285,8.749715,0.000171,5.249829,18.199415,247014.405436,2989.658626,1,0.0124,1.8000,4,122880
96,1,normal_var4,klon_first,cpu_scalar,64,1,3.267639,13.347107,1763.213716,3987.965722,1763.213716,1763.269000,4270.693888,4270.693888,4271.356316,34168.508996,3.267632,3.642630,5.621147,3.128853,4.781253,0.468747,4.149018,491533.633181,23533.802011,1,0.0124,1.8000,4,7864320
96,1,normal_var4,klon_first,cpu_avx512,64,8,24.967383,28.785840,205.876229,4947.116815,205.876229,206.072602,5108.536117,5108.536117,5113.835538,40891.951648,24.967266,27.967249,0.913512,7.836488,1.500021,3.749979,14.631257,493531.075616,5926.320151,1,0.0124,1.8000,4,983040
96,1,normal_var4,klon_first,gpu_scalar,128,1,2.632471,13.175061,974.822919,2173.545346,974.822919,974.850548,2135.231762,2135.231762,2135.562939,34166.665632,2.632464,2.819962,6.183928,2.566072,5.015628,0.234372,3.176572,245766.816551,12843.351454,1,0.0124,1.8000,4,7864320
96,1,normal_var4,klon_first,gpu_warp32,128,32,80.853125,83.403125,32.669683,3051.964902,32.669683,32.861931,2644.507161,2644.507161,2660.350745,42406.735742,80.851775,86.851677,0.000533,8.749467,0.000085,5.249915,18.199322,246973.321236,2724.753682,1,0.0124,1.8000,4,245760
96,1,normal_var4,klon_first,gpu_wave64,128,64,159.369531,164.238281,18.312718,3074.131973,18.312718,18.666901,2926.769141,2926.769141,2984.118008,47142.694922,159.364259,171.363868,0.000285,8.749715,0.000171,5.249829,18.199415,247013.409188,3007.649385,1,0.0124,1.8000,4,122880
96,1,sequential,klon_first,cpu_scalar,64,1,3.124658,12.999951,1837.715148,4143.060172,1837.715148,1837.773195,4271.931146,4271.931146,4272.593574,34178.407066,3.124652,3.499650,5.968828,2.781172,4.781253,0.468747,3.805649,491530.744417,23890.207187,1,0.0124,1.8000,4,7864320
96,1,sequential,klon_first,cpu_avx512,64,8,24.965918,27.990137,204.579446,4950.523220,204.579446,204.778640,5073.804732,5073.804732,5079.104154,40614.100602,24.965805,27.965788,0.500622,8.249378,1.500021,3.749979,15.039028,493537.440960,5726.206665,1,0.0124,1.8000,4,983040
96,1,sequential,klon_first,gpu_scalar,128,1,2.561646,12.999817,993.128562,2209.007346,993.128562,993.157584,2135.832013,2135.832013,2136.163191,34176.269660,2.561639,2.749137,6.359563,2.390437,5.015628,0.234372,3.003115,245765.371746,12910.489461,1,0.0124,1.8000,4,7864320
96,1,sequential,klon_first,gpu_warp32,128,32,80.843359,82.629688,32.817363,3052.874114,32.817363,33.010774,2655.247070,2655.247070,2671.090654,42578.574528,80.842025,86.841928,0.000142,8.749858,0.000085,5.249915,18.199707,246975.553060,2711.688486,1,0.0124,1.8000,4,245760
96,1,sequential,klon_first,gpu_wave64,128,64,159.377344,163.489844,18.104175,3074.350288,18.104175,18.458347,2893.661882,2893.661882,2951.010749,46612.978776,159.372071,171.371681,0.000285,8.749715,0.000171,5.249829,18.199415,247014.851880,2959.848792,1,0.0124,1.8000,4,122880
96,2,uniform,klon_first,cpu_scalar,64,1,4.998877,11.999780,1954.693762,4301.503343,1954.693762,1954.754956,8532.286307,8532.286307,8533.020611,68262.206700,4.998871,5.373869,4.156718,4.593282,4.593753,0.656247,5.928603,489852.016910,23455.895651,1,0.0124,1.8000,4,7864320
96,2,uniform,klon_first,cpu_avx512,64,8,39.928613,39.976172,255.509389,5670.547519,255.509389,255.658230,10201.828569,10201.828569,10207.702995,81645.957711,39.928457,42.928444,0.000426,8.749574,0.000021,5.249979,18.199541,491268.717955,10214.287264,1,0.0124,1.8000,4,983040
96,2,uniform,klon_first,gpu_scalar,128,1,4.497803,11.999561,1022.425444,2249.183084,1022.425444,1022.456040,4265.912822,4265.912822,4266.279938,68258.520970,4.497797,4.685295,4.454021,4.295979,4.921878,0.328122,5.051686,244926.007419,12268.656018,1,0.0124,1.8000,4,7864320
96,2,uniform,klon_first,gpu_warp32,128,32,141.649219,143.191016,37.090784,3337.663799,37.090784,37.235824,5253.068066,5253.068066,5273.558936,84267.623910,141.646952,147.646855,0.001314,8.748686,0.000085,5.249915,18.198550,245746.357385,5311.067086,1,0.0124,1.8000,4,245760
96,2,uniform,klon_first,gpu_wave64,128,64,278.671094,284.865625,20.337511,3366.656375,20.337511,20.606893,5677.478092,5677.478092,5753.405241,91649.400391,278.661964,290.661573,0.001847,8.748153,0.000171,5.249829,18.197872,245767.643823,5793.457813,1,0.0124,1.8000,4,122880
96,2,normal_var1,klon_first,cpu_scalar,64,1,3.169592,11.260925,1819.399477,4017.674483,1819.399477,1819.465852,4252.785315,4252.785315,4253.519618,34026.198761,3.169586,3.544585,5.805559,2.944441,4.593753,0.656247,4.300208,488987.904977,20488.121585,1,0.0124,1.8000,4,7864320
96,2,normal_var1,klon_first,cpu_avx512,64,8,24.966211,26.617090,205.753892,4539.808144,205.753892,205.980581,5135.631075,5135.631075,5141.505501,41116.378105,24.966102,27.966090,0.278161,8.471839,0.000021,5.249979,17.925251,491002.448568,5476.569834,1,0.0124,1.8000,4,983040
96,2,normal_var1,klon_first,gpu_scalar,128,1,2.584814,11.129028,986.494196,2178.000742,986.494196,986.527374,2126.298795,2126.298795,2126.665910,34024.696523,2.584808,2.772307,6.276750,2.473250,4.921878,0.328122,3.251558,244493.952303,10978.721847,1,0.0124,1.8000,4,7864320
96,2,normal_var1,klon_first,gpu_warp32,128,32,80.878906,83.241406,32.937783,2926.608407,32.937783,33.185880,2667.122054,2667.122054,2687.612923,42892.501628,80.877556,86.877458,0.000924,8.749076,0.000085,5.249915,18.198936,245709.025667,2741.787373,1,0.0124,1.8000,4,245760
96,2,normal_var1,klon_first,gpu_wave64,128,64,159.544531,164.128125,18.403883,2947.385303,18.403883,18.868624,2949.004395,2949.004395,3024.931543,47993.878841,159.539195,171.538804,0.000285,8.749715,0.000171,5.249829,18.199415,245748.719865,3020.594881,1,0.0124,1.8000,4,122880
96,2,normal_var4,klon_first,cpu_scalar,64,1,3.267639,11.347107,1761.217716,3879.826283,1761.217716,1761.283915,4270.813680,4270.813680,4271.547983,34170.425677,3.267633,3.642632,5.558647,3.191353,4.593753,0.656247,4.544058,488984.725845,19984.725761,1,0.0124,1.8000,4,7864320
96,2,normal_var4,klon_first,cpu_avx512,64,8,24.967383,26.785840,204.674744,4537.577238,204.674744,204.901403,5109.494450,5109.494450,5115.368876,40907.285103,24.967274,27.967262,0.413512,8.336488,0.000021,5.249979,17.791577,490997.027984,5482.384902,1,0.0124,1.8000,4,983040
96,2,normal_var4,klon_first,gpu_scalar,128,1,2.632471,11.175061,974.336343,2146.569326,974.336343,974.369429,2135.291658,2135.291658,2135.658773,34168.582330,2.632465,2.819963,6.152678,2.597322,4.921878,0.328122,3.374092,244492.362904,10888.268098,1,0.0124,1.8000,4,7864320
96,2,normal_var4,klon_first,gpu_warp32,128,32,80.853125,83.403125,32.762823,2925.483896,32.762823,33.010955,2652.252637,2652.252637,2672.743506,42654.590951,80.851775,86.851677,0.000533,8.749467,0.000085,5.249915,18.199322,245707.128682,2732.521828,1,0.0124,1.8000,4,245760
96,2,normal_var4,klon_first,gpu_wave64,128,64,159.369531,164.238281,18.502949,2945.996371,18.502949,18.971270,2957.732943,2957.732943,3033.660091,48133.536589,159.364259,171.363868,0.000285,8.749715,0.000171,5.249829,18.199415,245747.726733,3038.892515,1,0.0124,1.8000,4,122880
96,2,sequential,klon_first,cpu_scalar,64,1,3.124658,10.999951,1835.612887,4031.585034,1835.612887,1835.683051,4272.050938,4272.050938,4272.785241,34180.323748,3.124653,3.499651,5.906328,2.843672,4.593753,0.656247,4.200689,488981.812561,20191.652123,1,0.0124,1.8000,4,7864320
96,2,sequential,klon_first,cpu_avx512,64,8,24.965918,25.990137,203.244599,4541.500746,203.244599,203.475324,5074.763066,5074.763066,5080.637492,40629.434058,24.965813,27.965801,0.000622,8.749378,0.000021,5.249979,18.199348,491003.452961,5282.354910,1,0.0124,1.8000,4,983040
96,2,sequential,klon_first,gpu_scalar,128,1,2.561646,10.999817,992.604563,2181.227805,992.604563,992.639643,2135.891909,2135.891909,2136.259025,34178.186358,2.561640,2.749138,6.328313,2.421687,4.921878,0.328122,3.200635,244490.905825,10918.468446,1,0.0124,1.8000,4,7864320
96,2,sequential,klon_first,gpu_warp32,128,32,80.843359,82.629688,32.911330,2926.382007,32.911330,33.161120,2662.992546,2662.992546,2683.483415,42826.429736,80.842025,86.841928,0.000142,8.749858,0.000085,5.249915,18.199707,245709.357422,2719.452880,1,0.0124,1.8000,4,245760
96,2,sequential,klon_first,gpu_wave64,128,64,159.377344,163.489844,18.294402,2946.223584,18.294402,18.762710,2924.625684,2924.625684,3000.552832,47603.820443,159.372071,171.371681,0.000285,8.749715,0.000171,5.249829,18.199415,245749.169531,2990.948977,1,0.0124,1.8000,4,122880
96,2,uniform,klon_first,cpu_scalar,64,1,4.998877,11.999780,1954.693762,4301.503343,1954.693762,1954.754956,8532.286307,8532.286307,8533.020611,68262.206700,4.998871,5.373869,4.156718,4.593282,4.593753,0.656247,5.928603,489852.016910,23455.895651,1,0.0124,1.8000,4,7864320
96,2,uniform,klon_first,cpu_avx512,64,8,39.928613,39.976172,255.509389,5670.547519,255.509389,255.658230,10201.828569,10201.828569,10207.702995,81645.957711,39.928457,42.928444,0.000426,8.749574,0.000021,5.249979,18.199541,491268.717955,10214.287264,1,0.0124,1.8000,4,983040
96,2,uniform,klon_first,gpu_scalar,128,1,4.497803,11.999561,1022.425444,2249.183084,1022.425444,1022.456040,4265.912822,4265.912822,4266.279938,68258.520970,4.497797,4.685295,4.454021,4.295979,4.921878,0.328122,5.051686,244926.007419,12268.656018,1,0.0124,1.8000,4,7864320
96,2,uniform,klon_first,gpu_warp32,128,32,141.649219,143.191016,37.090784,3337.663799,37.090784,37.235824,5253.068066,5253.068066,5273.558936,84267.623910,141.646952,147.646855,0.001314,8.748686,0.000085,5.249915,18.198550,245746.357385,5311.067086,1,0.0124,1.8000,4,245760
96,2,uniform,klon_first,gpu_wave64,128,64,278.671094,284.865625,20.337511,3366.656375,20.337511,20.606893,5677.478092,5677.478092,5753.405241,91649.400391,278.661964,290.661573,0.001847,8.748153,0.000171,5.249829,18.197872,245767.643823,5793.457813,1,0.0124,1.8000,4,122880
96,2,normal_var1,klon_first,cpu_scalar,64,1,3.169592,11.260925,1819.399477,4017.674483,1819.399477,1819.465852,4252.785315,4252.785315,4253.519618,34026.198761,3.169586,3.544585,5.805559,2.944441,4.593753,0.656247,4.300208,488987.904977,20488.121585,1,0.0124,1.8000,4,7864320
96,2,normal_var1,klon_first,cpu_avx512,64,8,24.966211,26.617090,205.753892,4539.808144,205.753892,205.980581,5135.631075,5135.631075,5141.505501,41116.378105,24.966102,27.966090,0.278161,8.471839,0.000021,5.249979,17.925251,491002.448568,5476.569834,1,0.0124,1.8000,4,983040
96,2,normal_var1,klon_first,gpu_scalar,128,1,2.584814,11.129028,986.494196,2178.000742,986.494196,986.527374,2126.298795,2126.298795,2126.665910,34024.696523,2.584808,2.772307,6.276750,2.473250,4.921878,0.328122,3.251558,244493.952303,10978.721847,1,0.0124,1.8000,4,7864320
96,2,normal_var1,klon_first,gpu_warp32,128,32,80.878906,83.241406,32.937783,2926.608407,32.937783,33.185880,2667.122054,2667.122054,2687.612923,42892.501628,80.877556,86.877458,0.000924,8.749076,0.000085,5.249915,18.198936,245709.025667,2741.787373,1,0.0124,1.8000,4,245760
96,2,normal_var1,klon_first,gpu_wave64,128,64,159.544531,164.128125,18.403883,2947.385303,18.403883,18.868624,2949.004395,2949.004395,3024.931543,47993.878841,159.539195,171.538804,0.000285,8.749715,0.000171,5.249829,18.199415,245748.719865,3020.594881,1,0.0124,1.8000,4,122880
96,2,normal_var4,klon_first,cpu_scalar,64,1,3.267639,11.347107,1761.217716,3879.826283,1761.217716,1761.283915,4270.813680,4270.813680,4271.547983,34170.425677,3.267633,3.642632,5.558647,3.191353,4.593753,0.656247,4.544058,488984.725845,19984.725761,1,0.0124,1.8000,4,7864320
96,2,normal_var4,klon_first,cpu_avx512,64,8,24.967383,26.785840,204.674744,4537.577238,204.674744,204.901403,5109.494450,5109.494450,5115.368876,40907.285103,24.967274,27.967262,0.413512,8.336488,0.000021,5.249979,17.791577,490997.027984,5482.384902,1,0.0124,1.8000,4,983040
96,2,normal_var4,klon_first,gpu_scalar,128,1,2.632471,11.175061,974.336343,2146.569326,974.336343,974.369429,2135.291658,2135.291658,2135.658773,34168.582330,2.632465,2.819963,6.152678,2.597322,4.921878,0.328122,3.374092,244492.362904,10888.268098,1,0.0124,1.8000,4,7864320
96,2,normal_var4,klon_first,gpu_warp32,128,32,80.853125,83.403125,32.762823,2925.483896,32.762823,33.010955,2652.252637,2652.252637,2672.743506,42654.590951,80.851775,86.851677,0.000533,8.749467,0.000085,5.249915,18.199322,245707.128682,2732.521828,1,0.0124,1.8000,4,245760
96,2,normal_var4,klon_first,gpu_wave64,128,64,159.369531,164.238281,18.502949,2945.996371,18.502949,18.971270,2957.732943,2957.732943,3033.660091,48133.536589,159.364259,171.363868,0.000285,8.749715,0.000171,5.249829,18.199415,245747.726733,3038.892515,1,0.0124,1.8000,4,122880
96,2,sequential,klon_first,cpu_scalar,64,1,3.124658,10.999951,1835.612887,4031.585034,1835.612887,1835.683051,4272.050938,4272.050938,4272.785241,34180.323748,3.124653,3.499651,5.906328,2.843672,4.593753,0.656247,4.200689,488981.812561,20191.652123,1,0.0124,1.8000,4,7864320
96,2,sequential,klon_first,cpu_avx512,64,8,24.965918,25.990137,203.244599,4541.500746,203.244599,203.475324,5074.763066,5074.763066,5080.637492,40629.434058,24.965813,27.965801,0.000622,8.749378,0.000021,5.249979,18.199348,491003.452961,5282.354910,1,0.0124,1.8000,4,983040
96,2,sequential,klon_first,gpu_scalar,128,1,2.561646,10.999817,992.604563,2181.227805,992.604563,992.639643,2135.891909,2135.891909,2136.259025,34178.186358,2.561640,2.749138,6.328313,2.421687,4.921878,0.328122,3.200635,244490.905825,10918.468446,1,0.0124,1.8000,4,7864320
96,2,sequential,klon_first,gpu_warp32,128,32,80.843359,82.629688,32.911330,2926.382007,32.911330,33.161120,2662.992546,2662.992546,2683.483415,42826.429736,80.842025,86.841928,0.000142,8.749858,0.000085,5.249915,18.199707,245709.357422,2719.452880,1,0.0124,1.8000,4,245760
96,2,sequential,klon_first,gpu_wave64,128,64,159.377344,163.489844,18.294402,2946.223584,18.294402,18.762710,2924.625684,2924.625684,3000.552832,47603.820443,159.372071,171.371681,0.000285,8.749715,0.000171,5.249829,18.199415,245749.169531,2990.948977,1,0.0124,1.8000,4,122880
96,3,uniform,klev_first,cpu_scalar,64,1,0.881510,14.000000,1157.576084,24013.943749,1157.576084,1852.407327,8531.257527,8531.257527,13651.755280,68250.080984,0.881503,1.181398,10.494403,0.506635,2.624094,0.374869,1.370098,816963.255349,16206.065174,1,0.0124,1.8000,4,7864320
96,3,uniform,klev_first,cpu_avx512,64,8,7.052083,14.000000,9260.608671,192111.549989,9260.608671,14819.258619,68250.060217,68250.060217,109214.042241,546000.647876,7.052027,9.451186,6.947959,4.053078,0.000014,2.998948,9.537340,816963.255349,129648.521396,1,0.0124,1.8000,4,983040
96,3,uniform,klev_first,gpu_scalar,128,1,0.440755,14.000000,594.134495,6186.145211,594.134495,950.727682,4265.607956,4265.607956,6825.844348,68249.747993,0.440748,0.590695,10.747723,0.253315,2.811529,0.187433,0.786720,408481.627637,8317.882929,1,0.0124,1.8000,4,7864320
96,3,uniform,klev_first,gpu_warp32,128,32,14.104167,21.000000,19188.516745,104676.398025,19188.516745,30705.527734,272989.141569,272989.141569,436840.273486,4367826.925602,14.103829,18.902078,6.896004,4.105033,0.000057,2.998905,9.588575,408482.132886,402958.851652,1,0.0124,1.8000,4,245760
96,3,uniform,klev_first,gpu_wave64,128,64,28.312305,35.000000,57953.050020,127545.099249,57953.050020,92736.952410,1637870.612402,1637870.612402,2620939.051563,26205931.769678,28.310617,37.906593,6.688013,4.313025,0.000183,2.998779,9.793763,408482.153894,2028356.750690,1,0.0124,1.8000,4,81920
96,3,normal_var1,klev_first,cpu_scalar,64,1,0.867848,13.890698,586.990675,12233.312990,586.990675,938.941916,4251.643024,4251.643024,6800.521100,34013.164961,0.867841,1.017858,11.805825,0.693980,1.312672,0.187523,1.207213,734843.442523,8153.710606,1,0.0124,1.8000,4,7864320
96,3,normal_var1,klev_first,cpu_avx512,64,8,6.942782,13.890698,4695.925397,97866.503919,4695.925397,7511.535325,34013.144194,34013.144194,54404.168804,272105.319686,6.942725,8.142864,6.947964,5.551840,0.000009,1.500186,8.338330,734843.442523,65229.684848,1,0.0124,1.8000,4,983040
96,3,normal_var1,klev_first,gpu_scalar,128,1,0.433924,13.890698,301.287261,3151.100575,301.287261,481.947307,2125.803841,2125.803841,3400.236626,34012.882144,0.433917,0.508925,12.152818,0.346987,1.406434,0.093761,0.697843,367421.721222,4185.090556,1,0.0124,1.8000,4,7864320
96,3,normal_var1,klev_first,gpu_warp32,128,32,13.885563,20.781396,9731.322595,53311.171778,9731.322595,15566.470863,136042.188875,136042.188875,217603.886623,2176675.682503,13.885226,16.285460,6.896025,5.603780,0.000037,1.500159,8.389577,367422.223828,202230.482015,1,0.0124,1.8000,4,245760
96,3,normal_var1,klev_first,gpu_wave64,128,64,25.507520,34.562793,32395.602867,71527.309567,32395.602867,51816.802306,816196.542676,816196.542676,1305547.520078,13059146.654053,25.505832,30.306027,7.117200,5.382605,0.000110,1.500085,8.171015,367422.234253,1119682.596154,1,0.0124,1.8000,4,81920
96,3,normal_var4,klev_first,cpu_scalar,64,1,0.867695,13.889478,589.567881,12236.181803,589.567881,943.358539,4269.612706,4269.612706,6832.511791,34156.922414,0.867688,1.017730,11.805611,0.693949,1.312886,0.187554,1.207240,734541.431277,8188.788336,1,0.0124,1.8000,4,7864320
96,3,normal_var4,klev_first,cpu_avx512,64,8,6.941561,13.889478,4716.543045,97889.454427,4716.543045,7546.868312,34156.901646,34156.901646,54660.094331,273255.379312,6.941506,8.141842,6.947965,5.551595,0.000008,1.500431,8.338526,734541.431277,65510.306690,1,0.0124,1.8000,4,983040
96,3,normal_var4,klev_first,gpu_scalar,128,1,0.433848,13.889478,302.660739,3152.622872,302.660739,484.324030,2134.787778,2134.787778,3416.231059,34156.625139,0.433841,0.508861,12.152589,0.346972,1.406663,0.093776,0.697858,367270.715578,4203.798702,1,0.0124,1.8000,4,7864320
96,3,normal_var4,klev_first,gpu_warp32,128,32,13.883122,20.778955,9775.822878,53359.355295,9775.822878,15644.111391,136617.046399,136617.046399,218627.414700,2185873.403003,13.882792,16.283430,6.896029,5.603532,0.000033,1.500407,8.389776,367271.218225,203131.332493,1,0.0124,1.8000,4,245760
96,3,normal_var4,klev_first,gpu_wave64,128,64,26.197656,34.557910,31636.641327,69703.632006,31636.641327,50632.727487,819643.777954,819643.777954,1311686.754204,13114302.419238,26.196017,30.997032,6.951367,5.548193,0.000098,1.500342,8.335008,367271.228821,1093295.809818,1,0.0124,1.8000,4,81920
96,3,sequential,klev_first,cpu_scalar,64,1,0.756510,13.000000,673.320098,13960.085688,673.320098,1077.461323,4270.576700,4270.576700,6833.448937,34164.634367,0.756504,0.906464,11.806295,0.694047,1.312202,0.187456,1.207155,734267.773315,8753.161271,1,0.0124,1.8000,4,7864320
96,3,sequential,klev_first,cpu_avx512,64,8,6.052083,13.000000,5386.560782,111680.685506,5386.560782,8619.690584,34164.613597,34164.613597,54667.591499,273317.074939,6.052031,7.251713,6.947967,5.552375,0.000007,1.499651,8.337902,734267.773315,70025.290165,1,0.0124,1.8000,4,983040
96,3,sequential,klev_first,gpu_scalar,128,1,0.378255,13.000000,346.206792,3597.392636,346.206792,553.990724,2135.277941,2135.277941,3416.707814,34164.467760,0.378249,0.453228,12.153321,0.347020,1.405930,0.093728,0.697812,367133.886609,4500.688299,1,0.0124,1.8000,4,7864320
96,3,sequential,klev_first,gpu_warp32,128,32,12.104167,19.000000,11185.637939,60894.404945,11185.637939,17898.922366,136650.351660,136650.351660,218659.864456,2186406.287549,12.103861,14.503191,6.896033,5.604309,0.000028,1.499630,8.389154,367134.389197,212527.120847,1,0.0124,1.8000,4,245760
96,3,sequential,klev_first,gpu_wave64,128,64,24.312354,31.000000,33802.319659,74305.403925,33802.319659,54088.974121,819869.818774,819869.818774,1311907.709536,13117919.074561,24.310859,29.109257,6.688098,5.812244,0.000085,1.499573,8.594409,367134.399548,1047871.909423,1,0.0124,1.8000,4,81920
96,3,uniform,klon_first,cpu_scalar,64,1,7.624951,14.000000,111126.098493,244655.961594,111126.098493,111126.149024,819024.574204,819024.574204,819025.236632,6552199.551525,7.624944,7.999942,1.593767,7.156233,4.781253,0.468747,8.126459,816963.255349,1555765.378904,1,0.0124,1.8000,4,7864320
96,3,uniform,klon_first,cpu_avx512,64,8,60.992969,62.998145,16093.505667,357668.502256,16093.505667,16093.590759,980728.617814,980728.617814,980733.917236,7845852.604260,60.992716,63.992698,0.500036,8.249964,1.500021,3.749979,15.039607,951677.543864,1013860.996055,1,0.0124,1.8000,4,983040
96,3,uniform,klon_first,gpu_scalar,128,1,7.312451,14.000000,57036.658315,125535.271244,57036.658315,64641.548813,409512.287045,409512.287045,464113.945926,6552199.550170,7.312444,8.433267,1.671888,5.911445,5.015631,1.401035,8.565989,408481.627637,798513.216415,1,0.0124,1.8000,4,7864320
96,3,uniform,klon_first,gpu_warp32,128,32,233.886719,233.960938,2219.585495,197647.861861,2219.585495,2514.699089,519140.168506,519140.168506,588164.368184,8306337.280632,233.882957,269.732964,0.000085,7.583248,0.000142,6.416524,19.132996,486605.753646,519296.303375,1,0.0124,1.8000,4,245760
96,3,uniform,klon_first,gpu_wave64,128,64,467.546094,467.852344,1283.356544,199800.372903,1283.356544,1452.808867,600096.370768,600096.370768,679331.440417,9601856.172526,467.531048,539.197637,0.000171,7.583162,0.000285,6.416382,19.132658,488706.276172,600421.366764,1,0.0124,1.8000,4,122880
96,3,normal_var1,klon_first,cpu_scalar,64,1,6.923720,13.890698,61963.294979,136878.211271,61963.294979,61963.348909,408171.893491,408171.893491,408172.555919,3265378.105822,6.923713,7.298711,2.022916,6.727084,4.781253,0.468747,7.702631,734843.442523,860713.432652,1,0.0124,1.8000,4,7864320
96,3,normal_var1,klon_first,cpu_avx512,64,8,52.233716,55.779980,9492.896471,209290.883626,9492.896471,9492.995582,495054.782312,495054.782312,495060.081733,3960461.920443,52.233491,55.233474,0.500036,8.249964,1.500021,3.749979,15.039607,926313.868506,529513.579728,1,0.0124,1.8000,4,983040
96,3,normal_var1,klon_first,gpu_scalar,128,1,6.611219,13.890698,31856.804250,70354.462548,31856.804250,36104.380567,204085.946689,204085.946689,231297.413372,3265378.104467,6.611212,7.638538,2.029512,5.553821,5.087156,1.329510,8.085651,367421.721222,442513.254794,1,0.0124,1.8000,4,7864320
96,3,normal_var1,klon_first,gpu_warp32,128,32,198.909440,200.464453,1393.763904,116519.426249,1393.763904,1578.616837,276968.711800,276968.711800,313704.403158,4431593.982129,198.906257,230.092865,0.000085,7.583248,0.000142,6.416524,19.132996,482948.031445,279400.118888,1,0.0124,1.8000,4,245760
96,3,normal_var1,klon_first,gpu_wave64,128,64,397.750130,399.377344,918.578057,118002.671655,918.578057,1039.096506,364878.125195,364878.125195,412752.959297,5838364.278027,397.737367,460.098761,0.000171,7.583162,0.000285,6.416382,19.132658,486744.526172,366859.264312,1,0.0124,1.8000,4,122880
96,3,normal_var4,klon_first,cpu_scalar,64,1,7.096265,13.889478,60539.222484,133473.817515,60539.222484,60539.274478,409902.689001,409902.689001,409903.351429,3279224.469901,7.096258,7.471255,1.857060,6.892940,4.781253,0.468747,7.866430,734541.431277,840858.170926,1,0.0124,1.8000,4,7864320
96,3,normal_var4,klon_first,cpu_avx512,64,8,52.070825,56.294922,9475.590279,209938.929603,9475.590279,9475.689570,492512.031303,492512.031303,492517.330724,3940119.912370,52.070600,55.070583,0.505211,8.244789,1.500021,3.749979,15.034495,925794.560571,533427.614459,1,0.0124,1.8000,4,983040
96,3,normal_var4,klon_first,gpu_scalar,128,1,6.783765,13.889478,31114.658501,68575.235032,31114.658501,35263.284221,204951.344444,204951.344444,232278.229115,3279224.468546,6.783758,7.834089,1.891299,5.692034,5.059514,1.357153,8.271290,367270.715578,432166.350384,1,0.0124,1.8000,4,7864320
96,3,normal_var4,klon_first,gpu_warp32,128,32,198.248112,200.475781,1388.579672,116872.243162,1388.579672,1572.756869,275334.906787,275334.906787,311852.798027,4405453.101188,198.244881,229.343293,0.000085,7.583248,0.000142,6.416524,19.132996,482765.833268,278376.594604,1,0.0124,1.8000,4,245760
96,3,normal_var4,klon_first,gpu_wave64,128,64,396.414258,398.682031,924.207853,118371.556477,924.207853,1045.489176,366488.904557,366488.904557,414578.276550,5864136.746354,396.401398,458.584641,0.000171,7.583162,0.000285,6.416382,19.132658,486642.897005,368465.064238,1,0.0124,1.8000,4,122880
96,3,sequential,klon_first,cpu_scalar,64,1,6.624963,13.000000,64639.255423,142133.767829,64639.255423,64639.310225,410008.192698,410008.192698,410008.855126,3280068.499482,6.624957,6.999955,1.593754,7.156246,4.781253,0.468747,8.126471,734267.773315,840310.320502,1,0.0124,1.8000,4,7864320
96,3,sequential,klon_first,cpu_avx512,64,8,52.997461,54.999414,9245.164419,206366.318683,9245.164419,9245.262058,489242.993058,489242.993058,489248.292480,3913967.606441,52.997240,55.997223,0.500036,8.249964,1.500021,3.749979,15.039607,926400.165918,508478.625931,1,0.0124,1.8000,4,983040
96,3,sequential,klon_first,gpu_scalar,128,1,6.312463,13.000000,33236.390334,73070.853513,33236.390334,37667.914563,205004.096292,205004.096292,232338.028090,3280068.498127,6.312457,7.299949,1.671878,5.911456,5.015629,1.401037,8.566003,367133.886609,432073.074342,1,0.0124,1.8000,4,7864320
96,3,sequential,klon_first,gpu_warp32,128,32,201.958594,201.985156,1370.262526,114729.744316,1370.262526,1552.006807,276740.013167,276740.013167,313445.287533,4427934.803027,201.955347,233.548478,0.000085,7.583248,0.000142,6.416524,19.132996,482978.234375,276772.690513,1,0.0124,1.8000,4,245760
96,3,sequential,klon_first,gpu_wave64,128,64,403.830469,403.944531,904.491887,116164.098369,904.491887,1023.170274,365292.199870,365292.199870,413221.923893,5844989.469401,403.817481,466.989486,0.000171,7.583162,0.000285,6.416382,19.132658,486779.062109,365364.551256,1,0.0124,1.8000,4,122880
96,4,uniform,klev_first,cpu_scalar,64,1,0.881510,12.000000,1154.957602,24007.316875,1154.957602,1848.257373,8531.257527,8531.257527,13651.755280,68250.081000,0.881504,1.181399,10.491799,0.509239,2.624094,0.374869,1.372670,814456.589805,13859.491221,1,0.0124,1.8000,4,7864320
96,4,uniform,klev_first,cpu_avx512,64,8,7.052083,12.000000,9239.660814,192058.534999,9239.660814,14786.058984,68250.060217,68250.060217,109214.042241,546000.647998,7.052035,9.451194,6.927126,4.073912,0.000014,2.998948,9.557915,814456.589805,110875.929768,1,0.0124,1.8000,4,983040
96,4,uniform,klev_first,gpu_scalar,128,1,0.440755,12.000000,593.493604,6184.522327,593.493604,949.695304,4265.607956,4265.607956,6825.844348,68249.748024,0.440749,0.590696,10.746421,0.254617,2.811529,0.187433,0.788006,407228.295034,7121.923252,1,0.0124,1.8000,4,7864320
96,4,uniform,klev_first,gpu_warp32,128,32,14.104167,19.000000,19178.304580,104649.488100,19178.304580,30689.020903,272989.141569,272989.141569,436840.273486,4367826.926611,14.103861,18.902110,6.854338,4.146700,0.000057,2.998905,9.629725,407228.805322,364387.787025,1,0.0124,1.8000,4,245760
96,4,uniform,klev_first,gpu_wave64,128,64,28.312305,33.000000,57941.327803,127511.407924,57941.327803,92717.877721,1637870.612402,1637870.612402,2620939.051563,26205931.772705,28.310713,37.906690,6.563013,4.438025,0.000183,2.998779,9.917213,407228.846484,1912063.817489,1,0.0124,1.8000,4,81920
96,4,normal_var1,klev_first,cpu_scalar,64,1,0.867848,11.890698,585.713147,12229.456444,585.713147,936.871595,4251.643024,4251.643024,6800.521100,34013.164976,0.867842,1.017859,11.803220,0.696584,1.312672,0.187523,1.209785,732309.502045,6964.538579,1,0.0124,1.8000,4,7864320
96,4,normal_var1,klev_first,cpu_avx512,64,8,6.942782,11.890698,4685.705176,97835.651555,4685.705176,7494.972761,34013.144194,34013.144194,54404.168804,272105.319808,6.942733,8.142873,6.927131,5.572674,0.000009,1.500186,8.358905,732309.502045,55716.308629,1,0.0124,1.8000,4,983040
96,4,normal_var1,klev_first,gpu_scalar,128,1,0.433924,11.890698,300.970069,3150.138599,300.970069,481.444587,2125.803841,2125.803841,3400.236626,34012.882176,0.433918,0.508926,12.151516,0.348289,1.406434,0.093761,0.699129,366154.751113,3578.744403,1,0.0124,1.8000,4,7864320
96,4,normal_var1,klev_first,gpu_warp32,128,32,13.885563,18.781396,9726.345004,53294.466546,9726.345004,15558.613305,136042.188875,136042.188875,217603.886623,2176675.683512,13.885258,16.285492,6.854358,5.645447,0.000037,1.500159,8.430727,366155.256254,182674.350635,1,0.0124,1.8000,4,245760
96,4,normal_var1,klev_first,gpu_wave64,128,64,25.507520,32.562793,32388.482871,71500.065589,32388.482871,51805.725099,816196.542676,816196.542676,1305547.520078,13059146.657080,25.505928,30.306123,6.992200,5.507605,0.000110,1.500085,8.294465,366155.276819,1054659.542923,1,0.0124,1.8000,4,81920
96,4,normal_var4,klev_first,cpu_scalar,64,1,0.867695,11.889478,588.263692,12232.242044,588.263692,941.269928,4269.612706,4269.612706,6832.511791,34156.922429,0.867689,1.017731,11.803007,0.696554,1.312886,0.187554,1.209811,732007.873060,6994.146519,1,0.0124,1.8000,4,7864320
96,4,normal_var4,klev_first,cpu_avx512,64,8,6.941561,11.889478,4706.109533,97857.936352,4706.109533,7530.159422,34156.901646,34156.901646,54660.094331,273255.379434,6.941514,8.141850,6.927132,5.572428,0.000008,1.500431,8.359101,732007.873060,55953.172150,1,0.0124,1.8000,4,983040
96,4,normal_var4,klev_first,gpu_scalar,128,1,0.433848,11.889478,302.337835,3151.661849,302.337835,483.797658,2134.787778,2134.787778,3416.231059,34156.625171,0.433842,0.508862,12.151287,0.348274,1.406663,0.093776,0.699144,366003.936475,3594.638090,1,0.0124,1.8000,4,7864320
96,4,normal_var4,klev_first,gpu_warp32,128,32,13.883122,18.778955,9770.731832,53342.664360,9770.731832,15635.743081,136617.046399,136617.046399,218627.414700,2185873.404012,13.882824,16.283462,6.854362,5.645199,0.000033,1.500407,8.430926,366004.441711,183484.083635,1,0.0124,1.8000,4,245760
96,4,normal_var4,klev_first,gpu_wave64,128,64,26.197656,32.557910,31629.401008,69677.327094,31629.401008,50620.699744,819643.777954,819643.777954,1311686.754204,13114302.422266,26.196113,30.997129,6.826367,5.673193,0.000098,1.500342,8.458458,366004.462671,1029786.806076,1,0.0124,1.8000,4,81920
96,4,sequential,klev_first,cpu_scalar,64,1,0.756510,11.000000,671.737388,13955.432156,671.737388,1074.921365,4270.576700,4270.576700,6833.448937,34164.634383,0.756505,0.906465,11.803691,0.696651,1.312202,0.187456,1.209727,731734.114197,7389.111265,1,0.0124,1.8000,4,7864320
96,4,sequential,klev_first,cpu_avx512,64,8,6.052083,11.000000,5373.899102,111643.457252,5373.899102,8599.370922,34164.613597,34164.613597,54667.591499,273317.075061,6.052039,7.251721,6.927133,5.573209,0.000007,1.499651,8.358477,731734.114197,59112.890120,1,0.0124,1.8000,4,983040
96,4,sequential,klev_first,gpu_scalar,128,1,0.378255,11.000000,345.807370,3596.293415,345.807370,553.360098,2135.277941,2135.277941,3416.707814,34164.467791,0.378250,0.453229,12.152019,0.348322,1.405930,0.093728,0.699098,365867.056991,3803.881065,1,0.0124,1.8000,4,7864320
96,4,sequential,klev_first,gpu_warp32,128,32,12.104167,17.000000,11178.975225,60875.050558,11178.975225,17888.474907,136650.351660,136650.351660,218659.864456,2186406.288558,12.103893,14.503223,6.854366,5.645976,0.000028,1.499630,8.430304,365867.562174,190042.578826,1,0.0124,1.8000,4,245760
96,4,sequential,klev_first,gpu_wave64,128,64,24.312354,29.000000,33794.645794,74280.034602,33794.645794,54077.116893,819869.818774,819869.818774,1311907.709536,13117919.077588,24.310955,29.109353,6.563098,5.937244,0.000085,1.499573,8.717859,365867.582910,980044.728022,1,0.0124,1.8000,4,81920
96,4,uniform,klon_first,cpu_scalar,64,1,7.624951,12.000000,110875.545331,244021.197663,110875.545331,110875.606523,819024.693996,819024.693996,819025.428299,6552201.468207,7.624945,7.999944,1.531267,7.218733,4.593753,0.656247,8.521499,814456.589805,1330506.543967,1,0.0124,1.8000,4,7864320
96,4,uniform,klon_first,cpu_avx512,64,8,60.992969,60.998145,16079.355684,357124.612737,16079.355684,16079.451992,980729.576147,980729.576147,980735.450574,7845867.937716,60.992724,63.992711,0.000036,8.749964,0.000021,5.249979,18.199927,949511.780892,980810.861972,1,0.0124,1.8000,4,983040
96,4,uniform,klon_first,gpu_scalar,128,1,7.312451,12.000000,56975.546094,125380.184777,56975.546094,64572.289620,409512.346941,409512.346941,464114.041760,6552201.466868,7.312445,8.433269,1.640638,5.942695,4.921881,1.494785,8.763509,407228.295034,683706.553130,1,0.0124,1.8000,4,7864320
96,4,uniform,klon_first,gpu_warp32,128,32,233.886719,233.960938,2219.618600,197604.147915,2219.618600,2514.752056,519147.913981,519147.913981,588176.760944,8306585.135840,233.882957,269.732964,0.000085,7.583248,0.000142,6.416524,19.132996,485931.210742,519304.048530,1,0.0124,1.8000,4,245760
96,4,uniform,klon_first,gpu_wave64,128,64,467.546094,467.852344,1283.422722,199756.705689,1283.422722,1452.914753,600127.334570,600127.334570,679380.982500,9602847.014193,467.531048,539.197637,0.000171,7.583162,0.000285,6.416382,19.132658,488323.472266,600452.328577,1,0.0124,1.8000,4,122880
96,4,normal_var1,klon_first,cpu_scalar,64,1,6.923720,11.890698,61816.969055,136449.509868,61816.969055,61817.034795,408172.013283,408172.013283,408172.747586,3265380.022504,6.923714,7.298712,1.960416,6.789584,4.593753,0.656247,8.097671,732309.502045,735046.925278,1,0.0124,1.8000,4,7864320
96,4,normal_var1,klon_first,cpu_avx512,64,8,52.233716,53.779980,9481.501569,208797.107660,9481.501569,9481.614126,495055.740645,495055.740645,495061.615072,3960477.253898,52.233499,55.233487,0.000036,8.749964,0.000021,5.249979,18.199927,923954.804443,509914.969201,1,0.0124,1.8000,4,983040
96,4,normal_var1,klon_first,gpu_scalar,128,1,6.611219,11.890698,31821.068011,70248.926520,31821.068011,36063.880866,204086.006585,204086.006585,231297.509206,3265380.021165,6.611213,7.638540,1.998262,5.585071,4.993406,1.423260,8.283171,366154.751113,378374.717465,1,0.0124,1.8000,4,7864320
96,4,normal_var1,klon_first,gpu_warp32,128,32,198.909440,200.464453,1393.803261,116468.022399,1393.803261,1578.679807,276976.457275,276976.457275,313716.795918,4431841.837337,198.906257,230.092865,0.000085,7.583248,0.000142,6.416524,19.132996,482010.650195,279408.008427,1,0.0124,1.8000,4,245760
96,4,normal_var1,klon_first,gpu_wave64,128,64,397.750130,399.377344,918.656294,117951.340714,918.656294,1039.221685,364909.088997,364909.088997,412802.501380,5839355.119694,397.737367,460.098761,0.000171,7.583162,0.000285,6.416382,19.132658,486055.679297,366890.510505,1,0.0124,1.8000,4,122880
96,4,normal_var4,klon_first,cpu_scalar,64,1,7.096265,11.889478,60398.830905,133057.866560,60398.830905,60398.893639,409902.808793,409902.808793,409903.543096,3279226.386582,7.096259,7.471257,1.794560,6.955440,4.593753,0.656247,8.261470,732007.873060,718110.543426,1,0.0124,1.8000,4,7864320
96,4,normal_var4,klon_first,cpu_avx512,64,8,52.070825,54.294922,9464.412473,209429.960887,9464.412473,9464.525219,492512.989636,492512.989636,492518.864063,3940135.245825,52.070608,55.070596,0.005211,8.744789,0.000021,5.249979,18.194815,923437.077743,513869.535809,1,0.0124,1.8000,4,983040
96,4,normal_var4,klon_first,gpu_scalar,128,1,6.783765,11.889478,31079.474043,68473.160239,31079.474043,35223.410074,204951.404340,204951.404340,232278.324949,3279226.385244,6.783759,7.834091,1.860049,5.723284,4.965764,1.450903,8.468810,366003.936475,369518.708562,1,0.0124,1.8000,4,7864320
96,4,normal_var4,klon_first,gpu_warp32,128,32,198.248112,200.475781,1388.618621,116820.666425,1388.618621,1572.819186,275342.652262,275342.652262,311865.190788,4405700.956396,198.244881,229.343293,0.000085,7.583248,0.000142,6.416524,19.132996,481836.076953,278384.402831,1,0.0124,1.8000,4,245760
96,4,normal_var4,klon_first,gpu_wave64,128,64,396.414258,398.682031,924.285859,118320.051885,924.285859,1045.613986,366519.868359,366519.868359,414627.818633,5865127.588021,396.401398,458.584641,0.000171,7.583162,0.000285,6.416382,19.132658,485961.683203,368496.163872,1,0.0124,1.8000,4,122880
96,4,sequential,klon_first,cpu_scalar,64,1,6.624963,11.000000,64488.076121,141688.174176,64488.076121,64488.142876,410008.312490,410008.312490,410009.046793,3280070.416164,6.624958,6.999956,1.531254,7.218746,4.593753,0.656247,8.521511,731734.114197,709368.837329,1,0.0124,1.8000,4,7864320
96,4,sequential,klon_first,cpu_avx512,64,8,52.997461,52.999414,9231.426246,205886.686150,9231.426246,9231.537087,489243.951392,489243.951392,489249.825818,3913982.939897,52.997248,55.997236,0.000036,8.749964,0.000021,5.249979,18.199927,924045.381641,489260.181990,1,0.0124,1.8000,4,983040
96,4,sequential,klon_first,gpu_scalar,128,1,6.312463,11.000000,33198.430595,72965.905581,33198.430595,37624.895302,205004.156188,205004.156188,232338.123924,3280070.414825,6.312458,7.299950,1.640628,5.942706,4.921879,1.494787,8.763523,365867.056991,365182.736540,1,0.0124,1.8000,4,7864320
96,4,sequential,klon_first,gpu_warp32,128,32,201.958594,201.985156,1370.300872,114679.119583,1370.300872,1552.068160,276747.758643,276747.758643,313457.680293,4428182.658236,201.955347,233.548478,0.000085,7.583248,0.000142,6.416524,19.132996,482055.492253,276780.435831,1,0.0124,1.8000,4,245760
96,4,sequential,klon_first,gpu_wave64,128,64,403.830469,403.944531,904.568538,116113.541507,904.568538,1023.292917,365323.163672,365323.163672,413271.465977,5845980.311068,403.817481,466.989486,0.000171,7.583162,0.000285,6.416382,19.132658,486103.242318,365395.514172,1,0.0124,1.8000,4,122880
